file_name,question,choice_a,choice_b,choice_c,choice_d,choice_e,answer,tag,authors
images/PMC8855428_10.1177_25158414211059247-fig6.jpg,Which maneuver is being demonstrated to assess eyelid laxity?,Lower eyelid snap-back test after inferior traction,Levator function (levator excursion) measurement of the upper eyelid,Lateral canthal distraction test assessing horizontal eyelid laxity,MRD1 (marginal reflex distance 1) measurement of the upper lid using corneal light reflex and a ruler,Vertical upper eyelid distraction (hyperlaxity) test with ruler measurement,Vertical upper eyelid distraction (hyperlaxity) test with ruler measurement,Eyes,"De Gregorio A, Cerini A, Scala A, Lambiase A, Pedrotti E, Morselli S"
images/PMC8855428_10.1177_25158414211059247-fig6.jpg,"In the right subfigure, what is the distance between the lower margin of the upper eyelid and the pupil center?",17 mm,23 mm,21 mm,19 mm,,17 mm,Eyes,"De Gregorio A, Cerini A, Scala A, Lambiase A, Pedrotti E, Morselli S"
images/PMC8169025_ijspt_2021_16_3_23549_59317.jpg,"In subfigure B, which leg bears most weight?",Right leg (stance limb),Neither leg predominates—weight remains centered between the feet,Both legs bear the load about equally,Left leg (contralateral support due to trunk lean),,Right leg (stance limb),Trunk & Extremities,"Buckthorpe M, Della Villa F"
images/PMC8169025_ijspt_2021_16_3_23549_59317.jpg,Which subfigure shows the immediate push-off after landing?,A (take-off to the right),C (immediate push-off after landing),None of the above,"B (landing/weight acceptance on the right, beginning of propulsion)",,C (immediate push-off after landing),Trunk & Extremities,"Buckthorpe M, Della Villa F"
images/PMC4804399_SNI-7-165-g001.jpg,Which procedure is this scar most consistent with?,Lateral parapatellar incision for tibial intramedullary nail entry near the patellar tendon,Lateral approach for femoral shaft fracture fixation,Longitudinal medial thigh incision for great saphenous vein stripping,Direct lateral (Hardinge) approach for total hip arthroplasty,Medial parapatellar approach for total knee arthroplasty,Lateral approach for femoral shaft fracture fixation,Surgical & Procedural,"Belsuzarri TA, Araujo JF, Melro CA, Neves MW, Navarro JN, Brito LG, Pontelli LO, de Abreu Mattos LG, Gonçales TF, Zeviani WM"
images/PMC3897109_IJPS-46-581-g003.jpg,How was the chest donor site covered?,Supraclavicular fasciocutaneous advancement flap,Split-thickness skin graft,Left open to granulate under vacuum-assisted closure,Primary closure after wide undermining of the right chest skin,Full-thickness sheet skin graft harvested from the left groin,Split-thickness skin graft,Trunk & Extremities,"Gujjalanavar RS, Girish AC"
images/PMC3897109_IJPS-46-581-g003.jpg,Which flap extends from the chest toward the face?,Pedicled deltopectoral skin flap,Latissimus dorsi musculocutaneous free flap,Pedicled supraclavicular artery fasciocutaneous flap,Free radial forearm flap,Thoracoacromial artery–based pectoralis major myocutaneous island flap,Pedicled deltopectoral skin flap,Surgical & Procedural,"Gujjalanavar RS, Girish AC"
images/PMC10327876_ojad047f8.jpg,"In subfigure D, how is the pretarsal fullness distributed?",Minimal fullness limited to the central third,Continuous from medial to lateral (crescent-like),Segmental fullness with a central gap (bi-lobed),Predominantly medial with lateral tapering,Predominantly lateral with central dip (comma-shaped),Continuous from medial to lateral (crescent-like),Eyes,"Chang RH, Chang YL"
images/PMC10327876_ojad047f8.jpg,"In subfigures C and D, what change in lower eyelid contour is most evident?",Increased infraorbital hollowing in D with flatter pretarsal segment,Bilateral increase in pretarsal roll in D,Unilateral left-sided increase in pretarsal roll in D,Greater inferior scleral show in D,Bilateral decrease in pretarsal roll in D,Bilateral increase in pretarsal roll in D,Eyes,"Chang RH, Chang YL"
images/PMC6528542_JFDS-10-143-g002.jpg,What is the most likely purpose of the procedure shown?,Occlusive adhesive dressing applied for acute cheilitis,Cheiloscopic recording of vermilion ridge patterns for forensic identification,Patch testing for allergic contact cheilitis due to lipstick,Tape-stripping to collect epithelial cells from the vermilion for cytology,Temporary protective taping after minor lip laceration repair,Cheiloscopic recording of vermilion ridge patterns for forensic identification,Mouth & Jaws,"Bai JKS, Prakash AR, Reddy AVS, Rajinikanth M, Sreenath S, Kumar Reddy KVK"
images/PMC6528542_JFDS-10-143-g002.jpg,Which preparation enhances the visibility of lip prints here?,Fluoride varnish coating,"Matte, dark-colored lipstick",Povidone–iodine solution applied to the lips,Colorless petroleum jelly (lip balm),,"Matte, dark-colored lipstick",Mouth & Jaws,"Bai JKS, Prakash AR, Reddy AVS, Rajinikanth M, Sreenath S, Kumar Reddy KVK"
images/PMC3199843_CTO-06-03-g-014.jpg,Which auricular substructures are most distorted or absent?,Antihelix and scaphoid fossa,Helix and helical crus,Tragus and antitragus,Cavum conchae and cymba conchae,Lobule only,Antihelix and scaphoid fossa,Head & Neck,"Staindl O, Siedek V"
images/PMC3199843_CTO-06-03-g-014.jpg,Which procedure most likely produced this auricular deformity?,External auditory canal canalplasty,Partial auriculectomy of the conchal bowl,Radical mastoidectomy with canal wall exteriorization (meatoplasty),Endaural tympanoplasty with tragal cartilage graft,Pinna setback for prominent ears (otoplasty/otopexia),Pinna setback for prominent ears (otoplasty/otopexia),Head & Neck,"Staindl O, Siedek V"
images/PMC8585908_ijcpd-14-575-g003.jpg,"In subfigure A, which landmarks are used to measure mouth opening?",Free gingival margins of the upper and lower central incisors,Incisal edges of the maxillary and mandibular central incisors,Occlusal surfaces of the opposing first molars,Tips of the maxillary and mandibular canine cusps,Upper and lower vermilion borders of the lips,Incisal edges of the maxillary and mandibular central incisors,Mouth & Jaws,"Gupta S, Gupta S, Chaudhary C, Singh P, Sharma R, Ghosh S"
images/PMC8585908_ijcpd-14-575-g003.jpg,Which method minimizes parallax error and improves reproducibility for interincisal distance?,Metal ruler positioned anterior to the incisors without contact (subfigure A),Both techniques reduce parallax equally if the observer's gaze is perpendicular to the scale,Metal ruler lightly touching only the lower incisal edge to stabilize the reading (subfigure A),Digital Vernier caliper with jaws contacting both upper and lower incisal edges (subfigure B),,Digital Vernier caliper with jaws contacting both upper and lower incisal edges (subfigure B),Mouth & Jaws,"Gupta S, Gupta S, Chaudhary C, Singh P, Sharma R, Ghosh S"
images/PMC10693490_ijspt_2023_18_6_89926_186324.jpg,"In the right subfigure, which upper limb bears most body weight?",Weight is evenly distributed between the arms,Left upper limb,Right upper limb,Neither upper limb,Most weight borne through the knees/legs,Right upper limb,Trunk & Extremities,"Wilk KE, Thomas ZM, Mangine RE, Fuller P, Davies GJ"
images/PMC10693490_ijspt_2023_18_6_89926_186324.jpg,What function is primarily assessed by this task?,Visual–motor reaction time to light stimuli,Scapulothoracic flexibility/mobility,Closed-chain upper-extremity stability and motor control,Open-chain shoulder endurance and coordination,Trunk and lumbopelvic stability under load,Closed-chain upper-extremity stability and motor control,Trunk & Extremities,"Wilk KE, Thomas ZM, Mangine RE, Fuller P, Davies GJ"
images/PMC5865521_10.1177_2325967118759953-fig2.jpg,Which muscle group’s control is primarily being assessed by maintaining the weight-bearing knee in this position?,Passive screw-home mechanism with no primary muscle control,Hip abductors/external rotators (gluteus medius/minimus),Plantarflexors (soleus-dominant) providing an extension moment in stance,Knee extensors (quadriceps),Knee flexors (hamstrings) with gastrocnemius co-contraction,Knee extensors (quadriceps),Trunk & Extremities,"Ardern CL, Ekås G, Grindem H, Moksnes H, Anderson AF, Chotel F, Cohen M, Forssblad M, Ganley TJ, Feller JA, Karlsson J, Kocher MS, LaPrade RF, McNamee M, Mandelbaum B, Micheli L, Mohtadi NGH, Reider B, Roe JP, Seil R, Siebold R, Silvers-Granelli HJ, Soligard T, Witvrouw E, Engebretsen L"
images/PMC5865521_10.1177_2325967118759953-fig2.jpg,What knee position is emphasized in the weight-bearing limb during single-limb stance?,Mid-range flexion (~20–30°) with valgus control,Terminal knee extension (full extension),Slight flexion (about 5–10°) to avoid locking,Mild hyperextension (genu recurvatum ~5° past neutral),,Terminal knee extension (full extension),Trunk & Extremities,"Ardern CL, Ekås G, Grindem H, Moksnes H, Anderson AF, Chotel F, Cohen M, Forssblad M, Ganley TJ, Feller JA, Karlsson J, Kocher MS, LaPrade RF, McNamee M, Mandelbaum B, Micheli L, Mohtadi NGH, Reider B, Roe JP, Seil R, Siebold R, Silvers-Granelli HJ, Soligard T, Witvrouw E, Engebretsen L"
images/PMC10761629_ijspt_2024_19_1_90707_188326.jpg,Which description best matches the lifter’s spinal posture at the start position?,Subtle axial rotation to one side—shoulders not square,Thoracic rounding with otherwise neutral lumbar spine—upper back kyphosis,Hyperextended lumbar spine with anterior pelvic tilt—excessive arch,Mild lumbar flexion due to posterior pelvic tilt—lower back slightly rounded,Globally neutral spine—flat back with natural lumbar lordosis maintained,Globally neutral spine—flat back with natural lumbar lordosis maintained,Trunk & Extremities,"McGowen JM, Albin SR, Hoppes CW, Forsse JS, Abt J, Koppenhaver SL"
images/PMC10761629_ijspt_2024_19_1_90707_188326.jpg,Which statement best describes the lower-extremity alignment shown?,Feet flat with knees tracking roughly over their respective toes,Mild valgus: knees drifting toward the midline despite feet neutral,Left heel lifted with weight shifted onto the forefoot,Feet excessively turned inward (pigeon-toed) relative to knee orientation,Feet markedly turned out (>30°) with knees pointing straight ahead,Feet flat with knees tracking roughly over their respective toes,Trunk & Extremities,"McGowen JM, Albin SR, Hoppes CW, Forsse JS, Abt J, Koppenhaver SL"
images/PMC3339071_IJO-60-119-g005.jpg,Which ocular problem most commonly causes this compensatory head posture?,Infantile nystagmus with a superior‑gaze null point,Brow ptosis causing upper visual field loss,Bilateral upper eyelid ptosis,Severe unilateral right upper eyelid ptosis,Comitant esotropia requiring a left face turn,Bilateral upper eyelid ptosis,Eyes,"Mukherjee B, Nair AG"
images/PMC3339071_IJO-60-119-g005.jpg,What visual benefit does this posture provide?,Permits viewing above the occluding upper lid,Facilitates viewing above the lid margin by elevating the chin,Reduces accommodative demand for near work,Minimizes glare from overhead lighting,Improves peripheral awareness to the sides,Facilitates viewing above the lid margin by elevating the chin,Eyes,"Mukherjee B, Nair AG"
images/PMC3640229_SNI-4-49-g011.jpg,Which area appears injured in this image?,Left hand,Left eye,Right skull,Neck,,Left eye,Head & Neck,Faria MA Jr
images/PMC3640229_SNI-4-49-g011.jpg,"Based on this image, what symptom is this patient most likely to have?",Agnosia,Color vision deficiency,No symptoms suggested by image,Face blindness,Poor depth perception,Poor depth perception,Head & Neck,Faria MA Jr
images/PMC2938632_IJPS-43-81-g001.jpg,Which finding is visible at the most dependent part of the mass?,Thick eschar formation at the lowest margin,Pedunculated cutaneous tag protruding inferiorly,Ulceration/erosion,"Intact, hyperpigmented skin without break",,Ulceration/erosion,Head & Neck,"Dhanraj P, Paul K, Lamba S, Shetty R"
images/PMC2938632_IJPS-43-81-g001.jpg,Which description best characterizes the lesion’s morphology?,Diffuse hemifacial soft-tissue hypertrophy with ill-defined borders and no discrete mass,"Soft, compressible, bluish venous malformation that blanches on pressure","Pendulous, lobulated soft-tissue mass with redundant skin and a dependent ulceration","Broad-based sessile lobulated mass with taut skin and superficial crusts, no ulceration","Pendulous, lobulated soft-tissue mass with redundant skin but intact overlying epidermis","Pendulous, lobulated soft-tissue mass with redundant skin and a dependent ulceration",Skin & Hair,"Dhanraj P, Paul K, Lamba S, Shetty R"
images/PMC9292157_JOCD-20-1591-g001.jpg,Which nerve corresponds to the yellow structure anterior to the ear?,Facial nerve (main trunk),Temporal branch of the facial nerve,Greater auricular nerve (C2–C3),Auriculotemporal nerve (V3),Auricular branch of the vagus (Arnold’s nerve),Facial nerve (main trunk),Head & Neck,"Santorelli A, Cerullo F, Cirillo P, Cavallini M, Avvedimento S"
images/PMC9292157_JOCD-20-1591-g001.jpg,"If the highlighted nerve were injured, which deficit would most likely occur?",Weakness of jaw opening on the ipsilateral side,Diminished hearing on the ipsilateral side,Inability to smile on the ipsilateral side,Decreased lacrimation from the ipsilateral eye,Loss of taste from the anterior two-thirds of the tongue,Inability to smile on the ipsilateral side,Head & Neck,"Santorelli A, Cerullo F, Cirillo P, Cavallini M, Avvedimento S"
images/PMC9009854_cmcul-3-181-g004.jpg,Where is the tongue coating most concentrated?,Mostly along the lateral borders,Tip (anterior third) predominance,Central dorsum,Along the lateral borders only,Posterior dorsum near the vallate papillae/base,Central dorsum,Mouth & Jaws,"Ai J, Wu L, Wang T, Deng W, Zhang X"
images/PMC9009854_cmcul-3-181-g004.jpg,Which finding is present in the image?,Yellow-brown adherent plaque on the tongue surface,Normal pink tongue without visible coating,Diffuse thick white coating on the dorsal tongue,Patchy erythematous denudation consistent with geographic tongue,Thin whitish coating limited to the posterior third of the tongue,Diffuse thick white coating on the dorsal tongue,Mouth & Jaws,"Ai J, Wu L, Wang T, Deng W, Zhang X"
images/PMC10226617_gox-11-e5027-g017.jpg,Which outcome is evident from the auricular contour?,Postauricular scar contracture with loss of sulcus and diminished ear projection,Persistent superior pole deficiency with a flattened helix and inadequate antihelical fold,Elevated cartilage framework shaping the helix and upper pole,Inferior lobule malposition with downward tilt despite adequate upper pole support,"Native-appearing auricle without contour change, consistent with no reconstruction",Elevated cartilage framework shaping the helix and upper pole,Head & Neck,"Lashin R, Shafik FR, Elshahat A, Mohamed EN"
images/PMC10226617_gox-11-e5027-g017.jpg,What is the likely reason for the ear findings?,Tumorous growth,Acute blunt trauma,Post-operative changes,Swelling from infection,Congenital malformation,Post-operative changes,Head & Neck,"Lashin R, Shafik FR, Elshahat A, Mohamed EN"
images/PMC9178979_10.1177_20552076221104669-fig4.jpg,Which immediate instruction would most improve visualization during this video visit?,Switch to the rear-facing camera for higher resolution,Adjust your grip so the camera lens isn’t covered by your fingers,Sit closer to the wall behind to simplify the background,Tilt the phone slightly downward to reduce ceiling glare,Tap the screen to focus the image,Adjust your grip so the camera lens isn’t covered by your fingers,Other,"Jepsen C, Lüchau EC, Assing Hvidt E, Grønning A"
images/PMC9178979_10.1177_20552076221104669-fig4.jpg,Which adjustment would best enable proper observation of hand range of motion?,Use digital zoom so the hand fills most of the frame,Place the device on a stable surface to free both hands,Increase room lighting to improve visibility,Hold the phone with the non-examined hand while moving the other,Switch to landscape orientation to widen the view,Place the device on a stable surface to free both hands,Trunk & Extremities,"Jepsen C, Lüchau EC, Assing Hvidt E, Grønning A"
images/PMC5851923_gr9.jpg,Which gait phase is depicted in the image?,Standing quietly with no specific gait phase,Midstance on the trailing limb with the forward foot in swing,Initial contact (heel strike) of the front foot while the rear foot remains flat,Double-limb support with the leading foot slightly ahead,Pre‑swing/toe‑off of the trailing limb with the heel lifted,Double-limb support with the leading foot slightly ahead,Trunk & Extremities,"Yang R, Zhou M, Xing C, Li S, Song L, Chen J, Xiong Y, Zhang K"
images/PMC5851923_gr9.jpg,What best describes the weight-bearing status shown?,Full weight-bearing through both lower limbs,Heel-touch weight bearing on the forward foot without forefoot loading,Non–weight-bearing on the forward foot (placed for balance only),Toe-touch weight bearing on the trailing foot only,Partial weight-bearing (about 50%) on the forward foot with unloading of the opposite limb,Full weight-bearing through both lower limbs,Trunk & Extremities,"Yang R, Zhou M, Xing C, Li S, Song L, Chen J, Xiong Y, Zhang K"
images/PMC3199843_CTO-06-03-g-002.jpg,Which description best matches the tissue character seen in the auricle?,Keloid-like hypertrophic scar limited to the lobule,Indurated and fibrotic,"Soft, compressible pseudocyst with clear serous fluid","Rock-hard, calcified chondral ossification (petrified ear)","Fluctuant and boggy, tender hematoma",Indurated and fibrotic,Head & Neck,"Staindl O, Siedek V"
images/PMC3199843_CTO-06-03-g-002.jpg,Which patient history is most consistent with this ear finding?,Frostbite of the helix after brief cold exposure last week,"Single recent blow to the ear with new tender, fluctuant swelling","Repeated shearing blunt trauma to the auricle during contact sports (wrestling/boxing), with prior undrained auricular hematomas",Recent insect bite to the pinna with transient pruritus and swelling,Allergic contact dermatitis from nickel earrings confined to the earlobe,"Repeated shearing blunt trauma to the auricle during contact sports (wrestling/boxing), with prior undrained auricular hematomas",Head & Neck,"Staindl O, Siedek V"
images/PMC7265414_SNI-11-98-g008.jpg,Which eye shows abnormal lateral deviation on downward gaze?,No abnormal deviation is present,Patient's right eye (viewer’s left),Both eyes show symmetric physiologic abduction on down gaze,Patient's left eye (viewer’s right),,Patient's left eye (viewer’s right),Eyes,"Lyons AR, Olson SL"
images/PMC7265414_SNI-11-98-g008.jpg,Which muscle weakness would most likely cause the patient's eye abnormality as shown?,Levator palpebrae superioris,Sphincter pupillae,Left medial rectus,Left lateral rectus,,Left medial rectus,Eyes,"Lyons AR, Olson SL"
images/PMC8267038_10.1177_2050313X211031332-fig8.jpg,Which bedside maneuver is shown by the examiner’s hand as the patient attempts to close the eyes?,Assessment of eyelid closure strength against resistance,Corneal blink reflex testing,Bell’s phenomenon evaluation during forced lid closure,Frontalis muscle strength testing during attempted eye closure,Levator palpebrae superioris function testing (eyelid opening),Assessment of eyelid closure strength against resistance,Eyes,Ghimire R
images/PMC8267038_10.1177_2050313X211031332-fig8.jpg,"With the forehead stabilized, what finding indicates a normal result?",Complete eyelid closure with no visible gap on either side and resistance to gentle manual opening,Intact corneal blink reflex bilaterally with the forehead held to prevent brow recruitment,Upward globe deviation (Bell’s phenomenon) on forced closure while the forehead is stabilized,Symmetric brow elevation with a small (≤1–2 mm) residual palpebral fissure during closure,,Complete eyelid closure with no visible gap on either side and resistance to gentle manual opening,Eyes,Ghimire R
images/PMC4273162_CTO-13-01-g-011.jpg,Which finding suggests a congenital rather than traumatic origin?,Well-healed linear scar along the superior helix with mild keloid thickening,Right-sided V-shaped helical rim defect with exposed cartilage and perichondrial hemorrhage,"Bilateral, mirror-image helical rim notches with smooth skin and no tearing or scarring",Fluctuant anterior pinna swelling consistent with acute auricular hematoma,,"Bilateral, mirror-image helical rim notches with smooth skin and no tearing or scarring",Head & Neck,"Siegert R, Magritz R"
images/PMC4273162_CTO-13-01-g-011.jpg,Which auricular structure shows the defect in this image?,Antihelical fold,Tragus,Helical rim,Lobule,,Antihelical fold,Head & Neck,"Siegert R, Magritz R"
images/PMC8648273_ORR-13-247-g0007.jpg,This device is most commonly used to maintain correction after treatment of which condition?,Congenital vertical talus (rocker-bottom foot),Calcaneovalgus foot,Metatarsus adductus,Developmental dysplasia of the hip,Clubfoot (talipes equinovarus),Clubfoot (talipes equinovarus),Trunk & Extremities,"Wong M, Ali M, Saw A"
images/PMC8648273_ORR-13-247-g0007.jpg,What orthotic device shown in the image?,Pavlik harness,Foot abduction brace (Denis Browne/Ponseti bar),Wheaton dynamic AFO (clubfoot brace),Bilateral ankle–foot orthoses joined by a rigid crossbar,,Foot abduction brace (Denis Browne/Ponseti bar),Trunk & Extremities,"Wong M, Ali M, Saw A"
images/PMC8357077_CCR3-9-e04581-g003.jpg,What abnormality is most apparent in the mandibular anterior teeth?,Generalized attrition with shortened incisal edges and no cavitated lesions,Mottled enamel from fluorosis/hypoplasia without obvious decay,Multiple tooth-colored (composite) restorations on the labial surfaces,Severe caries with extensive crown destruction,No significant abnormality in the maxillary anterior teeth,Severe caries with extensive crown destruction,Mouth & Jaws,"Zhang H, Kong F, Yu F, Hao S"
images/PMC8357077_CCR3-9-e04581-g003.jpg,Which statement best describes the lower anterior teeth?,Severe attrition of the lower incisors without tooth loss,Three mandibular incisors present with one edentulous space and no root fragments,Multiple mandibular incisors missing with retained root stumps,All four mandibular incisors intact and aligned,Fixed bridge replacing the lower incisors from canine to canine,Multiple mandibular incisors missing with retained root stumps,Mouth & Jaws,"Zhang H, Kong F, Yu F, Hao S"
images/PMC10037267_ihad005fig12.jpg,Which observable sign in the image most suggests fatigue or emotional distress?,Both hands placed on the head,Head propped by the left hand with a slouched seated posture,Right hand raised to the brow while sitting upright,Head propped by the right hand with a slouched seated posture,,Head propped by the right hand with a slouched seated posture,Other,"Yahemba D, Chowdhury S, Olorunfemi T, Dubukumah L, David A, Umunnakwe C, Dalumo V, Haruna S, Dean L"
images/PMC10037267_ihad005fig12.jpg,Which posture is being demonstrated?,"Seated on a chair, leaning right with the right hand supporting the head","Seated, slumped forward with both elbows on the knees",Sitting upright on a chair with both hands resting on the lap,"Seated on a plastic chair, leaning left with the left hand supporting the forehead",,"Seated on a chair, leaning right with the right hand supporting the head",Trunk & Extremities,"Yahemba D, Chowdhury S, Olorunfemi T, Dubukumah L, David A, Umunnakwe C, Dalumo V, Haruna S, Dean L"
images/PMC7862073_gox-9-e3378-g005.jpg,Which scalp region does the scar primarily traverse?,Postauricular/mastoid region along the superior nuchal line,Midline vertex incision from frontal hairline to occiput,Preauricular cheek and temple skin crease anterior to the tragus,Right parieto‑occipital scalp near the lambdoid suture,Left temporoparietal scalp just superior to the auricle,Left temporoparietal scalp just superior to the auricle,Head & Neck,"Langdell HC, Taskindoust M, Levites HA, Mateas C, Sergesketter AR, Kaplan SJ, Marcus JR, Erdmann D"
images/PMC7862073_gox-9-e3378-g005.jpg,Which surgical approach is suggested by the incision configuration?,Right postauricular lazy-S incision for cochlear implantation/mastoidectomy,Left question mark incision for temporoparietal flap,Right question-mark frontotemporoparietal flap for hemicraniectomy/cranioplasty,Right retromastoid C-shaped suboccipital approach to the posterior fossa,Left pterional/frontotemporal curvilinear incision for aneurysm surgery,Left question mark incision for temporoparietal flap,Surgical & Procedural,"Langdell HC, Taskindoust M, Levites HA, Mateas C, Sergesketter AR, Kaplan SJ, Marcus JR, Erdmann D"
images/PMC3199820_CTO-08-03-g-007.jpg,Which best describes the appearance of the ear region in subfigure a?,Nodular hypertrophic scar/keloid replacing the auricle,Normal auricular contours with helical rim intact,Flat ear region with partially preserved helix and lobule,"Flat, surgically altered area without helical rim","Ear folded posteriorly, helix obscured by hair but otherwise intact","Flat, surgically altered area without helical rim",Head & Neck,Federspil PA
images/PMC3199820_CTO-08-03-g-007.jpg,Which subfigure shows an auricular prosthesis?,Right-hand panel (b),Both panels,Neither panel,Left-hand panel (a),,Right-hand panel (b),Head & Neck,Federspil PA
images/PMC6785327_10-1055-s-0039-1695804_19318_26.jpg,Which facial abnormality has been surgically corrected between figures a and b?,Cleft palate,Upper lip laceration,Deviated septum,Nasal valve collapse,,Deviated septum,Head & Neck,"Bhat U, Peswani AR, Wagh S, Mishra R, Gupta T, Baliarsing A"
images/PMC6785327_10-1055-s-0039-1695804_19318_26.jpg,"In subfigure a, which nasal view is shown?",Cephalic (dorsal/bird’s-eye) view,Frontal (anterior) view,Right lateral profile view,Alar base oblique view,Basal view of the nasal base,Basal view of the nasal base,Head & Neck,"Bhat U, Peswani AR, Wagh S, Mishra R, Gupta T, Baliarsing A"
images/PMC10474390_ijcpd-16-101-g010.jpg,Which statement best describes the vertex orientation in the left and right subfigures?,"Left subfigure: vertex points proximally, right subfigure: vertex points distally","Left subfigure: vertex points distally, right subfigure: vertex points proximally",The vertex points proximally toward the wrist in both subfigures,The vertex points distally toward the fingertips in both subfigures,"In both subfigures, the vertex is directed toward the ulnar border rather than the wrist",The vertex points proximally toward the wrist in both subfigures,Trunk & Extremities,"Shah SG, Kaul B, Gupta A, Kashani RN, Rajput S, Kaul S"
images/PMC10474390_ijcpd-16-101-g010.jpg,"In the right subfigure, the angle at the vertex is formed by lines from which two points?",t to a and t to d,a to t and a to d,d to t and a to d,t to a and a to d,,t to a and t to d,Trunk & Extremities,"Shah SG, Kaul B, Gupta A, Kashani RN, Rajput S, Kaul S"
images/PMC8169007_ijspt_2021_16_3_22085_59524.jpg,"In subfigure (a), what is the primary purpose of elevating one foot during the exercise?",Reduce load on the elevated side,Reduce load on the opposite (stance) side,Encourage hip external rotation on the stance leg,Increase ankle dorsiflexion demand on the stance leg,,Reduce load on the elevated side,Trunk & Extremities,"Patel S, Amirhekmat A, Le R, Williams Iii RJ, Wang D"
images/PMC8169007_ijspt_2021_16_3_22085_59524.jpg,"In subfigure (b), which limb primarily bears weight?","Minimal lower-limb loading, with suspension straps bearing most of the weight",Right limb positioned behind with toes down bears the majority of weight,Left limb planted within the taped square bears the majority of weight,Both limbs share weight equally due to strap assistance,,Left limb planted within the taped square bears the majority of weight,Trunk & Extremities,"Patel S, Amirhekmat A, Le R, Williams Iii RJ, Wang D"
images/PMC7933643_JOCR-10-37-g007.jpg,Which clinical provocative test for wrist/hand symptoms is being performed?,Durkan's carpal compression test,Phalen's test for carpal tunnel syndrome,Finkelstein's test,Wrist extension range of motion assessment,Tinel's sign at the carpal tunnel,Wrist extension range of motion assessment,Trunk & Extremities,"Alajmi TAS, Altuwaijri MS, Alnaqa HH"
images/PMC7933643_JOCR-10-37-g007.jpg,"If this position provokes paresthesias, which finger is most likely spared?",Second digit (index finger),First digit (thumb),Third digit (middle/long finger),Fifth digit (little finger),Fourth digit (ring finger),Fifth digit (little finger),Trunk & Extremities,"Alajmi TAS, Altuwaijri MS, Alnaqa HH"
images/PMC6402071_10.1177_1179544119835222-fig5.jpg,Which assistive device is shown?,Narrow-base quad cane,Tripod cane,Single-point cane,Hemi-walker,,Single-point cane,Trunk & Extremities,"Fernández-Cuadros ME, Casique-Bocanegra LO, Albaladejo-Florín MJ, Gómez-Dueñas S, Ramos-Gonzalez C, Pérez-Moro OS"
images/PMC6402071_10.1177_1179544119835222-fig5.jpg,What is the level of human assistance during ambulation?,"Stand-by assistance during ambulation with a cane (therapist present, no physical contact)",Independent ambulation with a cane and no human assistance,Contact guard assistance from one clinician using a gait belt,Supervision only with intermittent verbal cueing during gait with a cane,Minimal assistance (hand-held assist on the right) while ambulating with a cane,Independent ambulation with a cane and no human assistance,Trunk & Extremities,"Fernández-Cuadros ME, Casique-Bocanegra LO, Albaladejo-Florín MJ, Gómez-Dueñas S, Ramos-Gonzalez C, Pérez-Moro OS"
images/PMC10849436_ms9-86-1101-g004.jpg,Which description best fits the lesions seen?,Single linear laceration of the left soft palate consistent with trauma,Normal palatal rugae with no focal lesions,Multiple erythematous discoid patches with central ulceration,Multiple erythematous discoid patches without ulceration,Diffuse white plaques that can be scraped off,Multiple erythematous discoid patches with central ulceration,Mouth & Jaws,"Mohammad Deeb A, Mohammad Deeb E, Al-Soufi L"
images/PMC10849436_ms9-86-1101-g004.jpg,Where are the ulcerative lesions located in this image?,Anterior hard palate behind the incisive papilla,Midline hard palate immediately anterior to the soft palate,Midline soft palate just posterior to the hard palate,Posterolateral hard palate near the upper molars,,Midline hard palate immediately anterior to the soft palate,Mouth & Jaws,"Mohammad Deeb A, Mohammad Deeb E, Al-Soufi L"
images/PMC11408788_gr7.jpg,Which head-mounted device indicates brain activity monitoring?,Virtual-reality head-mounted display,Over-ear noise-cancelling headset,EEG cap with electrode leads,ECG cap with electrode leads,,EEG cap with electrode leads,Head & Neck,"Yang Y, Li M, Easa SM, Lin J, Zheng X"
images/PMC11408788_gr7.jpg,Where do the headgear leads run?,Down the back toward equipment behind the seat,Along the right forearm to wrist-mounted sensors,Over the left shoulder toward the dashboard tablet,Forward under the seat into the steering column housing,,Down the back toward equipment behind the seat,Head & Neck,"Yang Y, Li M, Easa SM, Lin J, Zheng X"
images/PMC4439693_JPBS-7-282-g004.jpg,How many maxillary anterior teeth are missing?,Three,Two,Five,Four,,Four,Mouth & Jaws,"Nayar S, Aruna U, Bhat WM"
images/PMC7008639_CCID-13-127-g0005.jpg,What does the green horizontal line represent relative to total forehead height?,A suprabrow marker at approximately 40% of the total height,The trichion/hairline at the superior forehead margin,The midline marking 50% of the total height,An intermediate reference line positioned at 60% of the total forehead height,,An intermediate reference line positioned at 60% of the total forehead height,Head & Neck,de Sanctis Pecora C
images/PMC7008639_CCID-13-127-g0005.jpg,Which anatomical landmarks are spanned by the red arrow in this image?,Pupil center to anterior hairline,Anterior hairline (trichion) to eyebrow level,Glabella to nasal tip,Intermediate (60%) line to eyebrow level,Anterior hairline (trichion) to the intermediate (60%) line,Intermediate (60%) line to eyebrow level,Head & Neck,de Sanctis Pecora C
images/PMC5071603_KITP-13-28425-g003.jpg,What type of device is shown?,"3D-printed, body-powered upper arm prosthesis",Activity-specific upper arm prosthesis,Myoelectric (bionic) upper arm prosthesis,Passive (cosmetic) upper arm prosthesis,,"3D-printed, body-powered upper arm prosthesis",Trunk & Extremities,Dodziuk H
images/PMC5071603_KITP-13-28425-g003.jpg,"For the individual with a striped shirt, what is the most likely right-upper-limb amputation level?","Transradial (below elbow, mid-forearm)",Shoulder disarticulation,"Transhumeral (above elbow, distal humerus)",Elbow disarticulation,,"Transradial (below elbow, mid-forearm)",Trunk & Extremities,Dodziuk H
images/PMC8637265_ijspt_2021_16_6_29923_75626.jpg,Which shoulder movement is the top arm performing?,Abduction (scaption),External rotation,Internal rotation,Horizontal abduction,Extension,External rotation,Trunk & Extremities,"Wilk KE, Lupowitz LG, Arrigo CA"
images/PMC8637265_ijspt_2021_16_6_29923_75626.jpg,Where is the resistance band anchored?,Held by the lower hand,Secured under the upper forearm against the torso,Looped around the ankles near the foot of the table,Clipped to the near table edge at waist level,,Held by the lower hand,Trunk & Extremities,"Wilk KE, Lupowitz LG, Arrigo CA"
images/PMC5506773_sccaa-10-001Fig5.jpg,"In the left panel, the hair-loss pattern is most consistent with which diagnosis?","Normal hairline, apparent recession due to hair styling/lighting artifact",Frontal fibrosing alopecia causing scarring recession of the anterior hairline,Androgenetic (male-pattern) alopecia with bilateral frontotemporal recession,Traction alopecia from chronic headband use with marginal frontal thinning,,Androgenetic (male-pattern) alopecia with bilateral frontotemporal recession,Skin & Hair,"Perez-Meza D, Ziering C, Sforza M, Krishnan G, Ball E, Daniels E"
images/PMC5506773_sccaa-10-001Fig5.jpg,"In the mid-frontal scalp, what change is seen at 24 weeks (right) compared with baseline (left)?",Increased density with thicker hair shafts,"Increased density comprised mainly of fine, miniaturized hairs",Inferior advancement of the frontal hairline without change in shaft caliber,No appreciable change in the mid-frontal scalp,Decreased density with wider spacing between hairs,Increased density with thicker hair shafts,Skin & Hair,"Perez-Meza D, Ziering C, Sforza M, Krishnan G, Ball E, Daniels E"
images/PMC6685333_JIPS-19-266-g004.jpg,What finding is present in the right eye?,Glass prosthetic,Gel contact lens,Conjunctivitis,Wax prosthetic,Subconjunctival hemorrhage,Wax prosthetic,Eyes,"Dasgupta D, Das K, Singh R"
images/PMC3146709_266_2010_9650_Fig1_HTML.jpg,Which feature is indicated by label 2?,Lower eyelid festoons,Tear trough deformity,Malar mounds (malar edema),Palpebral bags (preseptal fat prolapse),,Malar mounds (malar edema),Head & Neck,"Hoenig JF, Knutti D, de la Fuente A"
images/PMC3146709_266_2010_9650_Fig1_HTML.jpg,Which numbered area is closest to the lower eyelid margin?,All are approximately the same distance from the lower eyelid margin,3,1,2,,3,Eyes,"Hoenig JF, Knutti D, de la Fuente A"
images/PMC3664391_medhum-2012-010274f09.jpg,Which abdominal feature is visible?,Rectus abdominis with tendinous inscriptions,Prominent linea alba indicating diastasis recti,External oblique aponeurosis with transverse tendinous inscriptions,Postoperative midline laparotomy scar,Supra-umbilical epigastric hernia,Rectus abdominis with tendinous inscriptions,Trunk & Extremities,Hammerschlag KR
images/PMC3664391_medhum-2012-010274f09.jpg,Which muscle is most prominently highlighted by this strongman stance and viewpoint?,Teres major,Anterior deltoid,Latissimus dorsi,Pectoralis major,Pectoralis minor,Pectoralis major,Trunk & Extremities,Hammerschlag KR
images/PMC6694939_gr5.jpg,Which anatomical area is the clinician’s monitoring hand contacting?,Right elbow,Back of the left hand,Left elbow,Right forearm,Left forearm,Right forearm,Trunk & Extremities,"Goyal M, Goyal K, Narkeesh K, Samuel AJ, Sharma S, Chatterjee S"
images/PMC6694939_gr5.jpg,Which manual therapy technique is being performed?,Indirect myofascial release (positional easing),Muscle energy technique using post-isometric relaxation,"High-velocity, low-amplitude thrust (HVLA)",Strain-counterstrain (passive positioning at a tender point),Ischemic compression of a myofascial trigger point,Strain-counterstrain (passive positioning at a tender point),Trunk & Extremities,"Goyal M, Goyal K, Narkeesh K, Samuel AJ, Sharma S, Chatterjee S"
images/PMC6664837_10-1055-s-0039-1687919_00099_09.jpg,What lower-limb prostheses are visible?,Carbon-fiber running blades (C-shaped sprint feet),Solid-ankle cushioned heel (SACH) feet on endoskeletal pylons,Posterior leaf-spring ankle–foot orthoses (AFOs),Microprocessor-controlled hydraulic ankles with conventional prosthetic feet,,Carbon-fiber running blades (C-shaped sprint feet),Trunk & Extremities,"O'Keeffe B, Rout S"
images/PMC6664837_10-1055-s-0039-1687919_00099_09.jpg,Which combination of amputations is present?,Unilateral right lower-limb amputation only,Left upper-limb amputation with bilateral lower-limb amputations,Bilateral upper-limb and bilateral lower-limb amputations,Bilateral lower-limb amputations with intact upper limbs,Bilateral upper-limb amputations with unilateral right lower-limb amputation,Bilateral upper-limb and bilateral lower-limb amputations,Trunk & Extremities,"O'Keeffe B, Rout S"
images/PMC4934967_jer-12-3-216f13.jpg,Which cervical movement is shown?,Cervical flexion with slight left rotation,Right lateral flexion,Left lateral flexion,Right cervical rotation,,Right lateral flexion,Head & Neck,"Minguez-Zuazo A, Grande-Alonso M, Saiz BM, La Touche R, Lara SL"
images/PMC4934967_jer-12-3-216f13.jpg,Which side’s upper trapezius is most stretched?,Patient's right upper trapezius (ipsilateral to the side-bend),Both upper trapezii equally due to bilateral shoulder depression,Patient's left upper trapezius (contralateral to the side-bend),Neither—this position primarily targets the levator scapulae rather than the upper trapezius,,Patient's left upper trapezius (contralateral to the side-bend),Head & Neck,"Minguez-Zuazo A, Grande-Alonso M, Saiz BM, La Touche R, Lara SL"
images/PMC7387616_agmr-22-088f1.jpg,Which labeled part lies just anterior to the external auditory canal opening?,3 Concha,5 Tragus,2 Antihelix,6 Crus helix,,5 Tragus,Head & Neck,"Kim JK, Bae IH, Kim MS, Choi H, Na CH, Shin BS"
images/PMC7387616_agmr-22-088f1.jpg,Which labeled area is located behind the ear?,6,8,7,2,,8,Head & Neck,"Kim JK, Bae IH, Kim MS, Choi H, Na CH, Shin BS"
images/PMC7748930_10-1055-s-0040-1702953-i1900161en-1.jpg,Which leg is performing the eccentric lowering phase?,Cannot be determined from this viewpoint,Left leg,Right leg,Both legs are sharing the load,,Left leg,Trunk & Extremities,"Mansur NSB, Fonseca LF, Matsunaga FT, Baumfeld DS, Nery CAS, Tamaoki MJS"
images/PMC7748930_10-1055-s-0040-1702953-i1900161en-1.jpg,This exercise version is most appropriate for which condition?,Retrocalcaneal bursitis,Peroneal tendinopathy,Posterior tibial tendinopathy,Non-insertional (mid-portion) Achilles tendinopathy,Insertional Achilles tendinopathy (enthesopathy),Non-insertional (mid-portion) Achilles tendinopathy,Trunk & Extremities,"Mansur NSB, Fonseca LF, Matsunaga FT, Baumfeld DS, Nery CAS, Tamaoki MJS"
images/PMC4645924_TOORTHJ-9-450_F3.jpg,Which device is strapped near the ankle to measure the angle?,An inertial measurement unit (IMU) tilt sensor taped to the lower leg,A digital inclinometer strapped to the tibia,A handheld goniometer positioned at the lateral malleolus,An electrogoniometer mounted across the knee joint line,,A digital inclinometer strapped to the tibia,Trunk & Extremities,"Couture G, Karlik D, Glass SC, Hatzel BM"
images/PMC4645924_TOORTHJ-9-450_F3.jpg,What position is the subject in?,Supine with the test hip flexed to approximately 120° and the opposite leg extended,Supine with the non-test hip flexed to about 90° and the test hip in neutral,Supine hooklying with both hips and knees flexed to 90°,Supine with the test hip flexed to about 90° and the opposite leg extended,Supine with both hips in neutral and the test knee extended,Supine with the test hip flexed to about 90° and the opposite leg extended,Trunk & Extremities,"Couture G, Karlik D, Glass SC, Hatzel BM"
images/PMC7857661_JOCR-10-49-g009.jpg,What degree of forearm rotation is shown?,Approximately 60–70° of supination (near-full),Approximately 80–90° of supination (full),"Neutral forearm position (0°, mid-prone)",Mild pronation (10–15°),,Approximately 80–90° of supination (full),Trunk & Extremities,"Mahajan NP, Kumar G, Yadav AK, Mane AV, Gop A"
images/PMC7857661_JOCR-10-49-g009.jpg,"In the demonstrated position, which direction are the thumbs pointing?",Anterolaterally (forward and outward),Laterally (away from the midline),Medially (toward the midline),Superiorly (toward the ceiling),,Laterally (away from the midline),Trunk & Extremities,"Mahajan NP, Kumar G, Yadav AK, Mane AV, Gop A"
images/PMC7457575_IJWH-12-675-g0002.jpg,Which term describes the facial appearance?,Mask-like facies,Adenoid facies,Myxedematous facies,Moon facies,Coarse facies,Moon facies,Head & Neck,"Pachajoa H, Perafan L, Ramos I, Escobar ÁJ"
images/PMC7457575_IJWH-12-675-g0002.jpg,Which statement about the neck is most accurate?,"No visible goiter, tracheostomy, or jugular venous distention",Subtle right-sided thyroid enlargement producing anterior neck fullness,Visible left supraclavicular node (Virchow sign),Midline tracheostomy stoma or scar visible just above the sternal notch,Prominent external jugular venous distention bilaterally,"No visible goiter, tracheostomy, or jugular venous distention",Head & Neck,"Pachajoa H, Perafan L, Ramos I, Escobar ÁJ"
images/PMC7775234_10-1055-s-0040-1714768_00172_02.jpg,Which technique would be most appropriate to use to correct the facial abnormality shown in this figure?,Suturing,Rhinoplasty,Nasoalveolar molding followed by cheiloplasty,Orthognathic surgery,,Nasoalveolar molding followed by cheiloplasty,Head & Neck,"Nayak T, Parmar R, Bonanthaya K, Shetty P"
images/PMC7775234_10-1055-s-0040-1714768_00172_02.jpg,What is the most accurate description of this image?,Basal view of mouth and nose,Lateral view of ear with scar formation,Basal view of face with thumbs placed in front of camera,Dorsal view of tongue stuck out,Lateral view of ear and fingers,Basal view of mouth and nose,Mouth & Jaws,"Nayak T, Parmar R, Bonanthaya K, Shetty P"
images/PMC3690728_ASJSM-4-085-g011.jpg,"In subfigure b, which muscle is primarily stretched?",Sartorius,Tensor fasciae latae,Iliopsoas,Rectus femoris,,Rectus femoris,Trunk & Extremities,"Halabchi F, Mazaheri R, Seif-Barghi T"
images/PMC3690728_ASJSM-4-085-g011.jpg,"In subfigure a, which side’s hip flexors are primarily being stretched?",Neither predominates—the position mainly stretches the forward hamstrings,The trailing limb—the side with the knee on the floor,The leading limb—the side with the foot forward,Both hips equally if the pelvis is kept square,,The trailing limb—the side with the knee on the floor,Trunk & Extremities,"Halabchi F, Mazaheri R, Seif-Barghi T"
images/PMC3183721_JCAS-4-138-g006.jpg,Which best describes the skin and scar along the auricular folds?,Mild hypertrophic scar confined to the antihelical fold with faint erythema and slight elevation,Bulky keloid extending beyond the helical rim onto the preauricular skin,"Atrophic, hypopigmented linear scar with peripheral telangiectasia along the scaphoid fossa","No visible scar, uniformly pigmented skin without postoperative changes","Mature, flat scar with normal to slightly increased pigmentation and no erythema","Mature, flat scar with normal to slightly increased pigmentation and no erythema",Head & Neck,Alagirisamy RB
images/PMC3183721_JCAS-4-138-g006.jpg,What is the appearance of the earlobe (lobule)?,Subtle V-notching deformity at the inferior lobular border,Well-contoured lobule without notching or tethering,Shallow U-shaped notch of the lobule with mild asymmetry,Lobule adherent/webbed to adjacent cheek skin,Markedly edematous lobule with erythema and serous drainage,Well-contoured lobule without notching or tethering,Head & Neck,Alagirisamy RB
images/PMC5504904_LI-34-398-g001.jpg,Which structure is most likely involved at the site of swelling shown?,Temporomandibular joint capsular dislocation,Parotid gland (inferior pole/tail at angle of mandible),Parotid gland (superior pole/preauricular region),Mastoid process (tip),Submandibular gland,Parotid gland (inferior pole/tail at angle of mandible),Head & Neck,"Lawande DJ, Monteiro MV, Kakodkar UC, Keny SJ"
images/PMC5504904_LI-34-398-g001.jpg,What findings best describe the surface sign in this picture?,"Tender, erythematous postauricular bogginess with loss of the retroauricular sulcus and the pinna pushed outward",Elevation and outward displacement of the ear lobule with preauricular fullness,Inferior and medial sagging of the ear lobule with swelling just below the angle of the mandible,Smooth midline submental swelling under the chin with elevation of the oral floor and pouting of Wharton’s duct,,Elevation and outward displacement of the ear lobule with preauricular fullness,Head & Neck,"Lawande DJ, Monteiro MV, Kakodkar UC, Keny SJ"
images/PMC8772496_JCO-33-379-g004.jpg,"In subfigure (b), which extraocular muscle and side are most likely affected?",Left inferior oblique,Left superior oblique,Left superior rectus,Right superior oblique,Right inferior oblique,Left superior oblique,Eyes,"Akbari MR, Khorrami-Nejad M, Kangari H, Akbarzadeh Baghban A, Ranjbar Pazouki M"
images/PMC8772496_JCO-33-379-g004.jpg,"In subfigure (b), the compensatory posture most likely reduces which vertical deviation seen in subfigure (a)?",Left hypotropia,Right hypertropia,Dissociated vertical deviation (left eye),Left hypertropia,,Left hypertropia,Eyes,"Akbari MR, Khorrami-Nejad M, Kangari H, Akbarzadeh Baghban A, Ranjbar Pazouki M"
images/PMC6348242_gr6.jpg,Which eye has a wider palpebral fissure?,They appear equal,"Viewer's right, patient's left","Viewer's left, patient's right",Cannot be determined due to eyelid motion/tilt,,"Viewer's right, patient's left",Eyes,"Blignaut P, van Rensburg EJ, Oberholzer M"
images/PMC6348242_gr6.jpg,"In the left eye, where is the corneal reflection relative to the pupil center?",Temporal and superior,Nasal and superior,Centered (coincident),Temporal and inferior,Nasal and inferior,Temporal and inferior,Eyes,"Blignaut P, van Rensburg EJ, Oberholzer M"
images/PMC4476192_gr4.jpg,Which ergonomic risk factor is most evident in the seated posture?,Asymmetric side bend with head rotated due to reach to one side,Neutral upright sitting with lumbar support and feet flat,"Forward-leaned posture with sustained neck and trunk flexion on a low, backless bench",Reclined sitting with back and head supported against the wall,,"Forward-leaned posture with sustained neck and trunk flexion on a low, backless bench",Trunk & Extremities,"Chaman R, Aliyari R, Sadeghian F, Vatani Shoaa J, Masoudi M, Zahedi S, Bakhshi MA"
images/PMC4476192_gr4.jpg,Which single workstation change would most directly reduce neck and trunk flexion?,"Raise and slightly tilt the loom toward the workers so the active area is near eye level, enabling an upright posture","Install bright, focused task lighting at the weaving area only",Move the loom 5–8 cm closer to the bench without changing height or tilt,Add adjustable backrests and lumbar cushions to the seats without altering loom position,Replace the bench padding with thicker cushions only,"Raise and slightly tilt the loom toward the workers so the active area is near eye level, enabling an upright posture",Trunk & Extremities,"Chaman R, Aliyari R, Sadeghian F, Vatani Shoaa J, Masoudi M, Zahedi S, Bakhshi MA"
images/PMC10679920_HPR-10-147960-g009.jpg,Which muscle group is most likely under increased tension in this posture?,Left sternocleidomastoid and anterior scalenes,Right upper trapezius and levator scapulae,Right cervical paraspinals and suboccipitals,Left upper trapezius and levator scapulae,No appreciable asymmetry—no specific muscle group under increased tension,Right upper trapezius and levator scapulae,Head & Neck,"Rania N, Pinna L, Coppola I"
images/PMC10679920_HPR-10-147960-g009.jpg,What is the degree of flexion of the right elbow?,60 degrees,20 degrees,80 degrees,0 degrees,40 degrees,80 degrees,Trunk & Extremities,"Rania N, Pinna L, Coppola I"
images/PMC3996414_jpts-26-525-g003.jpg,"In the left upper subfigure, which shoulder movement is being performed?",Shoulder horizontal abduction in side‑lying to 90°,Glenohumeral rotation with the elbow abducted,Glenohumeral rotation with the elbow adducted,Forearm supination with the shoulder in neutral,,Glenohumeral rotation with the elbow adducted,Trunk & Extremities,"Kim Y, Lee K, Moon J, Koo D, Park J, Kim K, Hong D, Shin I"
images/PMC3996414_jpts-26-525-g003.jpg,"In both upper subfigures, how is the elbow positioned?",Flexed 90 degrees with the shoulder abducted to about 90 degrees,Nearly fully extended and slightly abducted away from the body,Flexed about 90 degrees but lifted slightly away from the trunk on a towel roll (10–20° shoulder abduction),Flexed about 90 degrees and kept close to the torso,,Flexed about 90 degrees and kept close to the torso,Trunk & Extremities,"Kim Y, Lee K, Moon J, Koo D, Park J, Kim K, Hong D, Shin I"
images/PMC3199843_CTO-06-03-g-011.jpg,How does the left auriculocephalic angle compare with the right?,Apparent increase of the left auriculocephalic angle due to projection or pose,Slightly decreased auriculocephalic angle on the right with near-symmetric appearance,Markedly decreased auriculocephalic angle on the left compared with the right,Mild bilateral decrease in auriculocephalic angles without true side-to-side difference,Auriculocephalic angles cannot be reliably assessed from this frontal view,Markedly decreased auriculocephalic angle on the left compared with the right,Head & Neck,"Staindl O, Siedek V"
images/PMC3199843_CTO-06-03-g-011.jpg,Which postoperative outcome is best illustrated by the left ear?,Under-correction with persistent left-sided prominence (increased auriculocephalic angle),Over-setback (overcorrection) of the left auricle with excessive medialization,Over-setback (overcorrection) of the right auricle,Left posterior auricular hematoma producing outward bulge of the pinna,,Over-setback (overcorrection) of the left auricle with excessive medialization,Head & Neck,"Staindl O, Siedek V"
images/PMC9159710_ijspt_2022_17_4_35591_89785.jpg,Which muscle region is directly compressed by the roller?,Quadriceps femoris,Gastrocnemius–soleus complex (posterior calf),Tibialis anterior (anterior compartment of the leg),Tibialis posterior (deep posterior compartment),Fibularis/peroneal muscles (lateral leg compartment),Quadriceps femoris,Trunk & Extremities,"Torrente QM, Killingback A, Robertson C, Adds PJ"
images/PMC9159710_ijspt_2022_17_4_35591_89785.jpg,What technique is being performed to the lower extremity in this image?,Self–myofascial release with a foam roller on the shins,Self–myofascial release with a foam roller on the thighs,Self–myofascial release with a foam roller on the lateral lower leg (peroneals),Self–myofascial release with a foam roller on the calves (gastrocnemius–soleus),,Self–myofascial release with a foam roller on the thighs,Trunk & Extremities,"Torrente QM, Killingback A, Robertson C, Adds PJ"
images/PMC5770929_IJPS-50-161-g014.jpg,Which landmark is the thumb pulp contacting?,Distal palmar crease at the base of the little finger,Proximal palmar crease at the base of the little finger,Center of the palm over the third metacarpal shaft,Distal palmar crease at the base of the ring finger,Hypothenar eminence just ulnar to the fifth metacarpal head,Distal palmar crease at the base of the little finger,Trunk & Extremities,"Sharma M, Iyer S, Kishore P, Mathew J, Vijayaraghavan S, Sankaran R, Nair AN, Janarthanan R, Wakure A, Reddy R, Chetan Mali SM, Varma V, Chaudhari A, Dhake S, Omkumar A"
images/PMC5770929_IJPS-50-161-g014.jpg,Which movement is chiefly being tested by the hand position shown?,Composite thumb flexion at the MCP and IP joints,First metacarpal pronation at the carpometacarpal joint,Thumb opposition at the carpometacarpal joint,Wrist ulnar deviation,Thumb palmar abduction (CMC),Thumb opposition at the carpometacarpal joint,Trunk & Extremities,"Sharma M, Iyer S, Kishore P, Mathew J, Vijayaraghavan S, Sankaran R, Nair AN, Janarthanan R, Wakure A, Reddy R, Chetan Mali SM, Varma V, Chaudhari A, Dhake S, Omkumar A"
images/PMC8343673_ijcpd-14-298-g004.jpg,Which function is most directly targeted by this maneuver?,Relieving middle-ear pressure by promoting Eustachian tube opening,Increasing jaw opening and masticatory power for the chewing phase,Strengthening anterior tongue propulsion for the oral phase of swallowing,Improving articulation of alveolar consonants by training lingual tip control,Enhancing velopharyngeal closure to reduce hypernasal speech,Strengthening anterior tongue propulsion for the oral phase of swallowing,Eyes,"Shah SS, Nankar MY, Bendgude VD, Shetty BR"
images/PMC8343673_ijcpd-14-298-g004.jpg,Which action is being trained with the setup shown?,Sealing the lips firmly around a spatula,Pushing the tongue forward against a flat surface,Retracting the tongue backward to engage the tongue base,Pressing the tongue upward against the hard palate,Puffing the cheeks to increase intraoral pressure,Pushing the tongue forward against a flat surface,Mouth & Jaws,"Shah SS, Nankar MY, Bendgude VD, Shetty BR"
images/PMC5341263_AIAN-20-23-g001.jpg,Which lower-limb position best describes the sitting posture?,Long sitting with both knees fully extended,Half-kneeling on one knee with the opposite foot flat,Asymmetric side-sitting with one knee flexed and internally rotated and the other leg extended,Cross-legged sitting with both hips flexed and externally rotated,Asymmetric side-sitting with one knee flexed and externally rotated and the other leg extended,Asymmetric side-sitting with one knee flexed and externally rotated and the other leg extended,Trunk & Extremities,"Chandra SR, Anand B, Issac TG"
images/PMC5341263_AIAN-20-23-g001.jpg,Which spinal posture is most apparent in the image?,Forward lumbar flexion,Thoracic kyphosis with neutral lumbar posture,Lumbar extension with anterior pelvic tilt,Predominant right lateral bending of the lumbar spine without forward flexion,Neutral alignment,Forward lumbar flexion,Trunk & Extremities,"Chandra SR, Anand B, Issac TG"
images/PMC3872620_DRJ-10-713-g001.jpg,Which airway positioning consideration is suggested by the neck morphology?,"Hyperextension typically increased in short, muscular necks, making the sniffing position more effective",Potentially reduced atlanto‑occipital extension making alignment more difficult,"Neck length has minimal effect on alignment, standard neutral positioning is sufficient","Reduction is more in atlanto‑axial rotation than in extension, so laryngoscopy should be easier with head tilt alone",,Potentially reduced atlanto‑occipital extension making alignment more difficult,Head & Neck,"Anuthama K, Prasad H, Ramani P, Premkumar P, Natesan A, Sherlin HJ"
images/PMC3872620_DRJ-10-713-g001.jpg,Which statement best describes the head–neck–torso alignment?,Marked neck hyperextension with chin elevated,Head appears close to the torso due to reduced neck length,Neutral head-neck alignment with normal cervicothoracic distance,Head appears close to the torso from forward head posture with normal neck length,,Head appears close to the torso due to reduced neck length,Head & Neck,"Anuthama K, Prasad H, Ramani P, Premkumar P, Natesan A, Sherlin HJ"
images/PMC7502890_JLM-10-126-f7.jpg,Which location best corresponds to the injury/surgery site?,Proximal interphalangeal joint of the ring finger,Carpal tunnel region at the volar wrist,Distal phalanx of the ring finger,First web space between thumb and index finger,Distal phalanx of the middle finger,Distal phalanx of the middle finger,Trunk & Extremities,"Jampani R, Takkallapally V"
images/PMC7502890_JLM-10-126-f7.jpg,"Across both subfigures, what is the overall finger position?",Intrinsic-minus clawing (MCP hyperextension with IP flexion),Full digital extension (MCP and IP joints straight),Hook fist (IP flexion with MCP neutral/extended),Composite flexion (full fist),Intrinsic-plus posture (MCP flexion with IP extension),Full digital extension (MCP and IP joints straight),Trunk & Extremities,"Jampani R, Takkallapally V"
images/PMC10837815_ijspt_2024_19_2_91642_190906.jpg,Which event in the pitching motion is most likely captured here?,Stride foot initial contact,Drive foot toe-off initiating the stride,Ball release at the stride-side hip,Early follow-through/deceleration,Late cocking with maximal shoulder external rotation,Stride foot initial contact,Trunk & Extremities,"Skoumal C, Dewald M"
images/PMC10837815_ijspt_2024_19_2_91642_190906.jpg,Which best describes the trunk posture?,Upright to slight forward flexion,Pronounced lateral trunk lean toward the glove arm,Marked forward trunk flexion over the stride (lead) leg,Upright to slightly extended trunk,Pronounced lateral trunk lean toward the throwing arm,Upright to slightly extended trunk,Trunk & Extremities,"Skoumal C, Dewald M"
images/PMC5525600_TJO-7-48-g003.jpg,What head tilt is present?,Chin-down (head flexion) without tilt,Subtle right head tilt (~5°),Subtle left head tilt (~5°),No clinically appreciable tilt,,Subtle left head tilt (~5°),Head & Neck,Shen BH
images/PMC5525600_TJO-7-48-g003.jpg,"With a neutral head posture, what ocular alignment is most likely?",Small-angle comitant esotropia requiring a right face turn in primary gaze,Orthophoria in primary position,Mild left hypertropia prompting a left head tilt in primary position,Intermittent distance exotropia with good near control,,Orthophoria in primary position,Eyes,Shen BH
images/PMC7267975_HBM-41-726-g001.jpg,Which hand is operating the response device?,Right hand (thumb),Right hand (index finger),Left hand (index finger),Either hand (participants alternated hands),,Right hand (index finger),Trunk & Extremities,"Friedrich J, Beste C"
images/PMC7267975_HBM-41-726-g001.jpg,Which finger presses the response button?,Right thumb,Right index finger,Right middle finger,Left index finger,,Right index finger,Trunk & Extremities,"Friedrich J, Beste C"
images/PMC5947096_glasgowmedj75609-0016-b.jpg,Which joint position best describe the fifth digit in this hand?,MCP extension with PIP flexion and DIP extension,MCP neutral with PIP flexion and DIP hyperextension,MCP hyperextension with PIP and DIP flexion,MCP flexion with interphalangeal extension,All joints fully extended,MCP extension with PIP flexion and DIP extension,Trunk & Extremities,Scott J
images/PMC5947096_glasgowmedj75609-0016-b.jpg,This patient is attempting to extend all fingers. What condition describes the hand posture?,Proximal ulnar nerve lesion at the elbow,Proximal median nerve lesion at the elbow,Contracture of the fifth digit,Contracture of the first digit,,Contracture of the fifth digit,Trunk & Extremities,Scott J
images/PMC3232561_IPC-8-17-g080.jpg,Which anatomic landmark is closest to the upper surgical scar seen on the chest?,Left clavicle,Right nipple,Right clavicle,Left nipple,,Left nipple,Trunk & Extremities,Aquilina O
images/PMC3232561_IPC-8-17-g080.jpg,What is the most likely cause of the vertical scar?,Left subcostal incision for splenectomy,Left flank thoracoabdominal incision for nephrectomy,Right thoracotomy for epicardial lead placement,Left thoracotomy for epicardial lead placement,Peritoneal dialysis catheter exit site,Left thoracotomy for epicardial lead placement,Trunk & Extremities,Aquilina O
images/PMC11232788_JWACS-14-352-g001.jpg,What abnormality is present in the eye shown?,Phthisis bulbi,Healed corneal leucoma with pseudo‑ptosis but normal globe size,Microphthalmos with dense corneal opacity,Buphthalmos from congenital glaucoma,,Phthisis bulbi,Eyes,"Ocheni SE, Oseji DI, Megbelayin EO, Adepoju FG"
images/PMC11232788_JWACS-14-352-g001.jpg,Which mechanism best explains the apparent upper eyelid droop on the affected side?,True neurogenic ptosis from ipsilateral oculomotor (III) nerve palsy,Apparent ptosis from enophthalmos due to a shrunken phthisical globe,Mild ptosis from ipsilateral Horner syndrome with miosis,Aponeurotic ptosis due to levator palpebrae superioris dehiscence,Mechanical ptosis from a heavy upper-eyelid lesion or edema,Apparent ptosis from enophthalmos due to a shrunken phthisical globe,Eyes,"Ocheni SE, Oseji DI, Megbelayin EO, Adepoju FG"
images/PMC5017172_IJOrtho-50-505-g004.jpg,Where is the crossing foot placed relative to the stance foot?,Side-by-side at the level of the stance foot without crossing,Anterior to and crossing over the stance foot,Slightly anterior but lateral to the stance foot (not across),Posterior to and crossing behind the stance foot,,Anterior to and crossing over the stance foot,Trunk & Extremities,"Ha JK, Lee DW, Kim JG"
images/PMC5017172_IJOrtho-50-505-g004.jpg,What movement pattern is being performed along the marked path?,Straight-ahead sprint along the 12 m line,Tandem heel-to-toe walk on the line,Lateral crossover step (carioca),Side shuffle without crossing the feet,Grapevine drill with only behind-foot crossovers,Lateral crossover step (carioca),Trunk & Extremities,"Ha JK, Lee DW, Kim JG"
images/PMC10805042_SEMB-57-513-g001.jpg,Which arm position best indicates assessment of a resting tremor?,Forearm supported on the thigh with the wrist dorsiflexed to stabilize the device,Elbows tucked against the sides while thumb-typing on the phone,Forearm supported on the armrest with the hand resting palm-down on the surface while steadying the phone,Forearm supported on the chair armrest with the hand relaxed and hanging beyond the edge,Arm fully extended forward at shoulder height while recording,Forearm supported on the chair armrest with the hand relaxed and hanging beyond the edge,Trunk & Extremities,"Menekseoglu AK, Korkmaz MD, Is EE, Basoglu C, Ozden AV"
images/PMC10805042_SEMB-57-513-g001.jpg,Which limb segment is left unsupported to detect tremor?,The wrist and hand distal to the chair arm are left unsupported,Only the fingertips extend past the armrest while the wrist remains supported,Both the distal forearm and hand hang unsupported beyond the armrest,The elbow and upper arm are left free off the chair while the hand is supported,,The wrist and hand distal to the chair arm are left unsupported,Trunk & Extremities,"Menekseoglu AK, Korkmaz MD, Is EE, Basoglu C, Ozden AV"
images/PMC3884542_CTO-12-07-g-030.jpg,What eyelid malposition is demonstrated in this image?,Right upper-lid ptosis,Bilateral lower-lid ectropion,Lower-lid retraction with scleral show (no ectropion),Involutional lower-lid entropion,Paralytic lagophthalmos with incomplete closure,Bilateral lower-lid ectropion,Eyes,"Gubisch W, Dacho A"
images/PMC3884542_CTO-12-07-g-030.jpg,Which ocular surface is abnormally exposed due to the eyelid position shown?,Inferior corneal epithelium,Inferior bulbar conjunctiva near the limbus,Caruncle/plica semilunaris only,Upper tarsal (palpebral) surface,Palpebral conjunctiva of the lower eyelids,Palpebral conjunctiva of the lower eyelids,Eyes,"Gubisch W, Dacho A"
images/PMC8258921_OMJ-36-04-1900165-f10.jpg,What eyelid malposition is present in this image?,Bilateral eyelid retraction,No eyelid malposition (conjunctival chemosis only),Bilateral lower-eyelid ectropion,Left lower-eyelid ectropion with normal right lower lid,Bilateral lower-eyelid entropion,Bilateral lower-eyelid ectropion,Eyes,"Al-Mujaini A, Yahyai MA, Ganesh A"
images/PMC8258921_OMJ-36-04-1900165-f10.jpg,Which eyelids appear everted?,Both lower eyelids,Right upper eyelid only,Left lower eyelid only,Both upper eyelids,Right lower eyelid only,Both lower eyelids,Eyes,"Al-Mujaini A, Yahyai MA, Ganesh A"
images/PMC8016443_ijspt_2021_16_2_21140_53776.jpg,What movement is being demonstrated in the image?,Single-leg vertical hop in place without countermovement,Single-leg countermovement vertical jump,Single-leg standing long jump (forward hop for distance),Single-leg squat jump from a static start,Single-leg countermovement vertical jump landing on the opposite limb,Single-leg countermovement vertical jump,Trunk & Extremities,"Ebert JR, Du Preez L, Furzer B, Edwards P, Joss B"
images/PMC8016443_ijspt_2021_16_2_21140_53776.jpg,Which subfigure shows the eccentric loading phase?,Left subfigure (downward countermovement),Both subfigures,Right subfigure (propulsive phase at take-off),Neither subfigure,,Left subfigure (downward countermovement),Trunk & Extremities,"Ebert JR, Du Preez L, Furzer B, Edwards P, Joss B"
images/PMC3740664_JPBS-5-150-g004.jpg,What best describes the shape of the distal phalanges?,Bulbous 'drumstick' distal expansion with increased nail curvature (clubbing),Normal tapering of the terminal phalanges without distal bulbous enlargement,"Swollen, erythematous periungual folds consistent with paronychia","Thin, concave 'spoon-shaped' nail plates (koilonychia)","Broad, spade-like distal tufts (pseudoclubbing) with preserved Lovibond angle",Normal tapering of the terminal phalanges without distal bulbous enlargement,Trunk & Extremities,"Puttaraju GH, Visveswariah PM"
images/PMC3740664_JPBS-5-150-g004.jpg,Which nail abnormality is visible?,Koilonychia (spoon-shaped nails),No obvious nail abnormality,Fine nail pitting of the right hand,Distal onycholysis affecting the thumbs,Subtle clubbing of the left index and middle fingers,No obvious nail abnormality,Skin & Hair,"Puttaraju GH, Visveswariah PM"
images/PMC5084581_JFMPC-5-457-g003.jpg,What is the most plausible explanation for these two similar scars?,Revaccination with BCG producing two similar deltoid inoculation scars,Healed varicella (chickenpox) lesions clustered over the shoulder,Residual scars from vaccinia (smallpox) vaccination,"Scarred sites of routine intramuscular childhood injections (e.g., DTP/HepB) in the deltoid",,Revaccination with BCG producing two similar deltoid inoculation scars,Skin & Hair,"Umar AS, Kabamba L"
images/PMC5084581_JFMPC-5-457-g003.jpg,On which part of the body are the vaccination scars located?,Left upper arm over the deltoid,Left lateral chest wall just below the axilla,Right upper arm over the deltoid,Left proximal forearm (volar aspect),,Left upper arm over the deltoid,Trunk & Extremities,"Umar AS, Kabamba L"
images/PMC4170209_bmjopen2014005848f02.jpg,Which body part is likely injured in this photo?,Person's left leg,Person's right arm,Person's right leg,Person's left arm,,Person's left leg,Trunk & Extremities,"Ammirati C, Gagnayre R, Amsallem C, Némitz B, Gignon M"
images/PMC4170209_bmjopen2014005848f02.jpg,What kind of X-ray would be most appropriate for further evaluation of this injury?,Shoulder X-ray,Ankle X-ray,Hip X-ray,Neck X-ray,Arm X-ray,Hip X-ray,Trunk & Extremities,"Ammirati C, Gagnayre R, Amsallem C, Némitz B, Gignon M"
images/PMC6006625_cop-0009-0287-g11.jpg,Which anterior segment finding is NOT evident in this photo?,Diffuse stromal haze/edema obscuring iris details,Central corneal ulceration with surrounding stromal infiltrate,Perilimbal (ciliary) conjunctival injection,Layered hypopyon in the inferior anterior chamber,,Layered hypopyon in the inferior anterior chamber,Eyes,"Spadea L, Tonti E, Spaterna A, Marchegiani A"
images/PMC6006625_cop-0009-0287-g11.jpg,What abnormality is most prominently visible in this eye?,Disciform keratitis without epithelial breakdown,Hypopyon layering inferiorly in the anterior chamber,Peripheral (marginal) corneal ulcer near the limbus,Superficial punctate keratitis only,Stromal keratitis with a central corneal ulcer,Stromal keratitis with a central corneal ulcer,Eyes,"Spadea L, Tonti E, Spaterna A, Marchegiani A"
images/PMC10693490_ijspt_2023_18_6_89926_186316.jpg,What specific clinical test is being performed in this image?,One-minute push-up endurance assessment with alternating shoulder taps,Prone plank shoulder-tap reaction time test for scapular control,Open kinetic chain upper extremity stability screening with BlazePods,Upper Quarter Y-Balance Test with illuminated targets,Closed Kinetic Chain Upper Extremity Stability Test (CKCUEST) using Blazepod reactive light targets,Closed Kinetic Chain Upper Extremity Stability Test (CKCUEST) using Blazepod reactive light targets,Trunk & Extremities,"Wilk KE, Thomas ZM, Mangine RE, Fuller P, Davies GJ"
images/PMC10693490_ijspt_2023_18_6_89926_186316.jpg,Which alignment is important for valid performance of this test?,A straight line from head through hips to heels with a neutral spine while weight-bearing through both hands,Hips slightly elevated into a pike with the pelvis higher than the shoulders to shorten the lever arm,Mild lumbar lordosis with elbows flexed and scapulae protracted to increase reach,Full weight shift onto the right hand with a staggered stance to allow the left hand to tap freely,Knees contacting the floor with the trunk maintained horizontal to off-load the upper extremities,A straight line from head through hips to heels with a neutral spine while weight-bearing through both hands,Trunk & Extremities,"Wilk KE, Thomas ZM, Mangine RE, Fuller P, Davies GJ"
images/PMC8855428_10.1177_25158414211059247-fig4.jpg,"In the subfigures, what parameter is being measured?",Levator function of the upper eyelid with the brow immobilized,Lower eyelid distraction test (horizontal laxity),Palpebral fissure height in primary gaze,Margin reflex distance 1 (MRD1) of the right eye,Vertical distraction distance (excursion) of the upper eyelid in millimeters,Vertical distraction distance (excursion) of the upper eyelid in millimeters,Eyes,"De Gregorio A, Cerini A, Scala A, Lambiase A, Pedrotti E, Morselli S"
images/PMC8855428_10.1177_25158414211059247-fig4.jpg,"In the right subfigure, which anatomical structure becomes more visible when doing the maneuver shown?",Superior bulbar conjunctiva,Upper eyelid tarsal plate (without conjunctiva),Palpebral conjunctiva of the upper lid,Palpebral conjunctiva of the lower lid,Superior fornix conjunctiva,Palpebral conjunctiva of the upper lid,Eyes,"De Gregorio A, Cerini A, Scala A, Lambiase A, Pedrotti E, Morselli S"
images/PMC10226617_gox-11-e5027-g011.jpg,How do the ears compare in height and projection?,Right ear sits slightly higher with greater projection than the left,Right ear sits slightly lower and projects more than the left,Left ear sits slightly lower and projects more than the right,Left ear sits slightly higher with less projection than the right,Approximately symmetric in height and projection,Right ear sits slightly lower and projects more than the left,Head & Neck,"Lashin R, Shafik FR, Elshahat A, Mohamed EN"
images/PMC10226617_gox-11-e5027-g011.jpg,Which head/neck position is shown?,Neutral head position with mild chin protraction,Cervical extension with the head rotated slightly to the right,Neck extension with chin elevated,Neck flexion with the chin tucked toward the chest,,Neck extension with chin elevated,Head & Neck,"Lashin R, Shafik FR, Elshahat A, Mohamed EN"
images/PMC5758957_10.1177_2050312117744925-fig11.jpg,What best describes the trunk posture?,Forward-flexed trunk (stooped),Posterior lean/hyperextended trunk,Upright/neutral with head-forward kyphotic posture,Predominant right lateral trunk bend with only minimal flexion,,Forward-flexed trunk (stooped),Trunk & Extremities,"Blackler A, Brophy C, O'Reilly M, Chamorro-Koc M"
images/PMC5758957_10.1177_2050312117744925-fig11.jpg,Which mobility aid is being used?,Cane,Walker,Scooter,Wheelchair,Crutches,Walker,Trunk & Extremities,"Blackler A, Brophy C, O'Reilly M, Chamorro-Koc M"
images/PMC8564703_sjab195_suppl_Supplementary_Figure_1B.jpg,Which complication is suggested by the appearance of the left breast?,"No complication, transient postoperative asymmetry only",Capsular contracture of the left implant (Baker III/IV),Superior malposition of the left implant without contracture,Subtle implant rupture with partial deflation of the left prosthesis,Inferior malposition (bottoming-out) of the left implant,Capsular contracture of the left implant (Baker III/IV),Trunk & Extremities,"Sforza M, Spear S"
images/PMC8564703_sjab195_suppl_Supplementary_Figure_1B.jpg,Which statement best characterizes the implant contour seen here?,Teardrop implant rotation on the left creating upper pole fullness only on that side,Natural breast tissue without discrete implant contour,Bilateral bottoming-out with loss of superior fullness,Round high-profile implant contour with pronounced upper pole fullness bilaterally,Anatomical (teardrop) implants with gentle upper pole slope and dominant lower pole projection,Round high-profile implant contour with pronounced upper pole fullness bilaterally,Trunk & Extremities,"Sforza M, Spear S"
images/PMC3214312_IJHG-17-104-g004.jpg,Which ear feature is most apparent in the image?,Anteriorly rotated auricles,Low-set ears,Macrotia (enlarged auricles),Constricted (cup) ear deformity,Prominent protruding auricles,Prominent protruding auricles,Head & Neck,"Gucev Z, Slavevska N, Tasic V, Laban N, Pop-Jordanova N, Danilovski D, Woolf J, Cole D"
images/PMC3214312_IJHG-17-104-g004.jpg,What best describes the hairline in the image?,Low frontal hairline approaching the eyebrows,Widow’s peak with normal frontal hairline,Bilateral temporal recession with otherwise normal anterior hairline,High anterior hairline,,High anterior hairline,Skin & Hair,"Gucev Z, Slavevska N, Tasic V, Laban N, Pop-Jordanova N, Danilovski D, Woolf J, Cole D"
images/PMC7775234_10-1055-s-0040-1714768_00172_01.jpg,Which statement best describes the nasal asymmetry?,Columella centered with symmetric alar domes and equal nostril apertures,Columella deviated toward the right side of the photo with flattened alar dome on the left,Columella deviated toward the right side of the photo with overprojected left alar dome,Columella deviated toward the left side of the photo with flattened alar dome on the right,,Columella deviated toward the right side of the photo with flattened alar dome on the left,Head & Neck,"Nayak T, Parmar R, Bonanthaya K, Shetty P"
images/PMC7775234_10-1055-s-0040-1714768_00172_01.jpg,What is the classification of the cleft shown?,Isolated cleft palate without lip involvement,Unilateral incomplete cleft lip with intact alveolar ridge,Complete unilateral cleft lip and alveolus,Unilateral complete cleft lip extending into the secondary palate,Bilateral complete cleft lip with protruding premaxilla,Complete unilateral cleft lip and alveolus,Mouth & Jaws,"Nayak T, Parmar R, Bonanthaya K, Shetty P"
images/PMC8258921_OMJ-36-04-1900165-f4.jpg,What abnormality is indicated by the red arrow on the eyelid?,External hordeolum at the lid margin,Eyelid coloboma,Normal upper lacrimal punctum,Chalazion (meibomian cyst) of the upper lid,,Eyelid coloboma,Eyes,"Al-Mujaini A, Yahyai MA, Ganesh A"
images/PMC8258921_OMJ-36-04-1900165-f4.jpg,Which visible feature best characterizes the lesion at the arrow?,Wedge-shaped defect interrupting the upper eyelid margin with loss of lashes,Crescentic depigmented patch adjacent to the margin with eyelashes preserved,Rounded subcutaneous nodule within the lid,Diffuse swelling with intact lid margin,Linear superficial scar parallel to the lid margin,Wedge-shaped defect interrupting the upper eyelid margin with loss of lashes,Eyes,"Al-Mujaini A, Yahyai MA, Ganesh A"
images/PMC8016443_ijspt_2021_16_2_21140_53777.jpg,"In the inset diagram, which hop directions are required by the course?",Forward and lateral only (no backward),Backward and lateral only (no forward),Forward only,Sideways only,"Forward, backward, and lateral (side-to-side)","Forward, backward, and lateral (side-to-side)",Trunk & Extremities,"Ebert JR, Du Preez L, Furzer B, Edwards P, Joss B"
images/PMC8016443_ijspt_2021_16_2_21140_53777.jpg,"In the main image, what best describes the obstacle layout?",Low horizontal bars on cone bases forming a grid crossed by a single diagonal bar,Step platforms forming a plus-shaped course,Poles slotted into cones forming T-shapes on each side without any diagonal bar,Flat tape markings laid out as a grid with no raised elements,Mini-hurdles arranged in two parallel lanes with a central gap,Poles slotted into cones forming T-shapes on each side without any diagonal bar,Other,"Ebert JR, Du Preez L, Furzer B, Edwards P, Joss B"
images/PMC3201006_CTO-04-19-g-011.jpg,"With the head turned as shown, which muscle is most prominent on the contralateral side of the neck?",Splenius capitis,Sternocleidomastoid,Levator scapulae,Middle scalene,Superior belly of omohyoid,Sternocleidomastoid,Head & Neck,"Freesmeyer WB, Fussnegger MR, Ahlers MO"
images/PMC3201006_CTO-04-19-g-011.jpg,Which cervical movement is shown?,Lateral flexion,Rotation,Extension,Retraction (chin tuck),,Rotation,Head & Neck,"Freesmeyer WB, Fussnegger MR, Ahlers MO"
images/PMC4728910_JCAS-8-242-g003.jpg,"Which label indicates the vermilion–cutaneous ""white roll"" of the upper lip?",3,1,5,2,4,4,Mouth & Jaws,"Shidlingappa S, Kudligi C, Choukimath S, Nayak S, Kodaganur S"
images/PMC4728910_JCAS-8-242-g003.jpg,Which label marks the philtral column on the upper lip?,3,1,5,2,4,2,Mouth & Jaws,"Shidlingappa S, Kudligi C, Choukimath S, Nayak S, Kodaganur S"
images/PMC8016443_ijspt_2021_16_2_21140_53773.jpg,What movement sequence is indicated by the yellow dashed arcs around the mat?,Three consecutive crossover hops alternating sides while moving backward,Three crossover hops alternating sides but with no net forward movement,Three lateral bounds performed parallel to the mat without crossing it,Three consecutive crossover hops alternating sides while moving forward,Three consecutive hops kept on the right side of the mat without crossing,Three consecutive crossover hops alternating sides while moving forward,Trunk & Extremities,"Ebert JR, Du Preez L, Furzer B, Edwards P, Joss B"
images/PMC8016443_ijspt_2021_16_2_21140_53773.jpg,Which leg is in the swing phase at the moment shown?,Right leg—ipsilateral to the stance limb,Neither—double-limb stance,Indeterminate from still frame,Both legs airborne (midflight),Left leg—contralateral to the stance limb,Left leg—contralateral to the stance limb,Trunk & Extremities,"Ebert JR, Du Preez L, Furzer B, Edwards P, Joss B"
images/PMC4772947_oajsm-7-021Fig6.jpg,What additional challenge is applied during the single-leg balance task?,Resistance band pulling the knee,Eyes closed,Tennis ball toss,Racquetball toss,,Tennis ball toss,Trunk & Extremities,"Nyland J, Mattocks A, Kibbe S, Kalloub A, Greene JW, Caborn DN"
images/PMC4772947_oajsm-7-021Fig6.jpg,How many athletes are performing a single-leg balance task?,"Two (left and center athletes, right athlete's free foot contacts the surface)",Three (all three athletes are on one leg),None (they are performing dynamic tossing rather than balancing),"One (only the left athlete is unipedal, others are mid-transfer)","Two (center and right athletes, left athlete is heel-touching with the other foot)",Three (all three athletes are on one leg),Trunk & Extremities,"Nyland J, Mattocks A, Kibbe S, Kalloub A, Greene JW, Caborn DN"
images/PMC5928313_JBPE-8-73-g002.jpg,Right subfigure: Which electrode pair is at the thoracic level?,Middle pair aligned with the iliac crest,None—no thoracic electrodes are shown,Most superior pair (just below the inferior angle of the scapula),Most inferior pair near the sacrum/PSIS,,Most superior pair (just below the inferior angle of the scapula),Trunk & Extremities,"Salehi Sahl Abadi A, Mazloumi A, Nasl Saraji G, Zeraati H, Hadian MR, Jafari AH"
images/PMC5928313_JBPE-8-73-g002.jpg,Left subfigure: The paired surface electrodes on the lateral abdominal wall record from which muscle?,Serratus anterior,Internal oblique,Transversus abdominis,Latissimus dorsi,External oblique,External oblique,Trunk & Extremities,"Salehi Sahl Abadi A, Mazloumi A, Nasl Saraji G, Zeraati H, Hadian MR, Jafari AH"
images/PMC8354577_10-1055-a-1331-2469-i13312469-eng-0001.jpg,Which diagnosis best matches the findings?,Congenital nasal pyriform aperture stenosis,Severe nasal hypoplasia (Binder maxillonasal dysplasia) with rudimentary alae present,Cebocephaly (single nostril with rudimentary nose),Bilateral choanal atresia (posterior nasal obstruction with normal external nose),Congenital arhinia (complete absence of the external nose),Congenital arhinia (complete absence of the external nose),Mouth & Jaws,Sommer F
images/PMC8354577_10-1055-a-1331-2469-i13312469-eng-0001.jpg,"Based on the picture, which major structure is most likely to be absent?",Nasal septum,Nasal bridge,Philtrum,Columella,Nasal sill,Columella,Head & Neck,Sommer F
images/PMC7775221_10-1055-s-0040-1719198_5_0591_04.jpg,Which view is shown in the right subfigure?,Oblique lateral (about 45 degrees),Axial (top-down),Anteroposterior (frontal),Lateral profile,Posteroanterior (PA),Lateral profile,Head & Neck,Saraiya HA
images/PMC7775221_10-1055-s-0040-1719198_5_0591_04.jpg,Which subfigure better shows the lateral neck and mandibular angle?,Neither subfigure clearly demonstrates the lateral neck/mandibular angle,Right subfigure (lateral view),Both subfigures equally,Left subfigure (AP view),,Right subfigure (lateral view),Head & Neck,Saraiya HA
images/PMC10226617_gox-11-e5027-g012.jpg,How does the postauricular sulcus appear on the operated side?,"Absent, with the auricle adherent to the scalp",Overdeepened with exaggerated posterior concavity,Adequate and well-defined,Mildly shallow with partial effacement (greatest superiorly),,Adequate and well-defined,Head & Neck,"Lashin R, Shafik FR, Elshahat A, Mohamed EN"
images/PMC10226617_gox-11-e5027-g012.jpg,What type of skin is visible behind the ear?,Skin graft with hyperpigmentation and intact hair follicles,Non–hair-bearing skin graft with hypopigmentation,Normal unscarred native postauricular skin,Hair-bearing local flap from postauricular scalp,,Non–hair-bearing skin graft with hypopigmentation,Head & Neck,"Lashin R, Shafik FR, Elshahat A, Mohamed EN"
images/PMC8169025_ijspt_2021_16_3_23549_59318.jpg,"In the left image, what does the highlighted line indicate about knee alignment?",Neutral knee-over-foot tracking,Internal tibial rotation causing knee-toe mismatch,Knee hyperextension at landing,Mild medial knee drift (valgus) relative to the midfoot,Lateral knee bowing (varus) with tracking over the fifth toe,Neutral knee-over-foot tracking,Trunk & Extremities,"Buckthorpe M, Della Villa F"
images/PMC8169025_ijspt_2021_16_3_23549_59318.jpg,"In the left image, what is the trunk posture during single-leg loading?",Upright/neutral trunk (hip flexed),Lateral trunk lean away from stance limb,Lateral trunk lean toward stance limb,Posterior trunk lean,Forward trunk lean,Forward trunk lean,Trunk & Extremities,"Buckthorpe M, Della Villa F"
images/PMC3115275_SNI-2-72-g006.jpg,Which prior procedure most likely explains this appearance?,Closed reduction of a right zygomatic arch fracture,Cosmetic otoplasty (right ear pinning),Replacement of a craniectomy bone flap (cranioplasty),Burr-hole evacuation of a chronic subdural hematoma on the right,Decompressive hemicraniectomy with the bone flap not yet replaced (sunken skin flap),Replacement of a craniectomy bone flap (cranioplasty),Skin & Hair,"Morina A, Kelmendi F, Morina Q, Dragusha S, Ahmeti F, Morina D, Gashi K"
images/PMC3115275_SNI-2-72-g006.jpg,What is the most likely finding observed in this picture after replacement of bone flap?,"Even short hair regrowth across the previously shaved operative field with no staples, dressings, or drains in place",Bright-red wound edges with fresh nonabsorbable sutures and petroleum ointment,An intact occlusive head dressing with Steri-Strips covering the incision,A bulb suction scalp drain exiting near the incision,,"Even short hair regrowth across the previously shaved operative field with no staples, dressings, or drains in place",Head & Neck,"Morina A, Kelmendi F, Morina Q, Dragusha S, Ahmeti F, Morina D, Gashi K"
images/PMC6785327_10-1055-s-0039-1695804_19318_19.jpg,"Compared with subfigure a, how does the nasolabial angle appear in subfigure b?",Increased by about 15–20°,Essentially unchanged (difference <5°),Decreased by approximately 5–10°,Increased by about 5–10°,,Increased by about 15–20°,Mouth & Jaws,"Bhat U, Peswani AR, Wagh S, Mishra R, Gupta T, Baliarsing A"
images/PMC6785327_10-1055-s-0039-1695804_19318_19.jpg,"Between subfigure a and b, what change in nasal tip rotation is observed?",Increased downward (caudal) rotation,Apparent deprojection of the tip without rotational change,No appreciable change in tip rotation,Increased upward (cephalic) rotation,,Increased upward (cephalic) rotation,Head & Neck,"Bhat U, Peswani AR, Wagh S, Mishra R, Gupta T, Baliarsing A"
images/PMC9303237_HAE-28-326-g001.jpg,Which areas are primarily supporting body weight in this position?,Buttocks and the foam roller under the anterior thigh,Both hands and the foam roller under the posterior thigh,Forearms and the foam roller under the calf,Both hands and heels,Right hand only and the foam roller under the posterior thigh,Both hands and the foam roller under the posterior thigh,Trunk & Extremities,"Pérez-Llanes R, Donoso-Úbeda E, Meroño-Gallut J, Ucero-Lozano R, Cuesta-Barriuso R"
images/PMC9303237_HAE-28-326-g001.jpg,"From this position, which modification would most increase pressure on the hamstrings?",Bend both knees to roughly 90 degrees so more of the thigh rests on the roller,Pull the toes up toward the shins (dorsiflex) to increase posterior-chain tension,Cross the left leg over the right to stack bodyweight on the roller,Lightly set the buttocks down on the floor to stabilize and add compression,,Cross the left leg over the right to stack bodyweight on the roller,Trunk & Extremities,"Pérez-Llanes R, Donoso-Úbeda E, Meroño-Gallut J, Ucero-Lozano R, Cuesta-Barriuso R"
images/PMC6128326_gr7a.jpg,Which clinical view is shown?,Left lateral profile,Right frontal oblique (three-quarter) view,Submental-vertex (basal) view,Frontal facial view,,Frontal facial view,Head & Neck,"Singh H, Kapoor P, Sharma P, Maurya RK, Mittal T"
images/PMC6128326_gr7a.jpg,What is the patient's head tilt?,Slight left tilt (left side marginally lower),Head level with no apparent lateral tilt,Slight right tilt (right side marginally lower),Chin tucked down (flexion),Chin tipped up (extension),Head level with no apparent lateral tilt,Head & Neck,"Singh H, Kapoor P, Sharma P, Maurya RK, Mittal T"
images/PMC9648327_JFMPC-11-4023-g001.jpg,Which eye shows greater ptosis?,"Left eye (patient’s left, observer’s right)",Bilateral and equal ptosis,Cannot be determined reliably from this single view,"Right eye (patient’s right, observer’s left)",,"Right eye (patient’s right, observer’s left)",Eyes,"Yaqoob A, Dar W, Khuja Z, Bukhari I, Raina A, Ganie H, Chandra A, Wani M, Asimi R, Wani F"
images/PMC9648327_JFMPC-11-4023-g001.jpg,What eyelid abnormality is present?,Unilateral right ptosis,Bilateral ptosis (left > right),Dermatochalasis with pseudoptosis,Bilateral ptosis (right > left),Bilateral brow ptosis,Bilateral ptosis (right > left),Eyes,"Yaqoob A, Dar W, Khuja Z, Bukhari I, Raina A, Ganie H, Chandra A, Wani M, Asimi R, Wani F"
images/PMC5512408_NJMS-8-41-g006.jpg,What measurement is being taken with a ruler between the upper and lower incisors?,Maximal interincisal distance (maximum mouth opening),Overjet (horizontal incisor overlap),Vertical overbite depth,Anterior open-bite magnitude,,Maximal interincisal distance (maximum mouth opening),Mouth & Jaws,"Gurung T, Singh RK, Mohammad S, Pal US, Mahdi AA, Kumar M"
images/PMC5512408_NJMS-8-41-g006.jpg,This measurement is most directly useful for assessing which clinical issue?,Tooth mobility,Mandibular deviation on mouth opening,Trismus severity,Gag reflex sensitivity,Anterior overbite magnitude,Trismus severity,Mouth & Jaws,"Gurung T, Singh RK, Mohammad S, Pal US, Mahdi AA, Kumar M"
images/PMC8169025_ijspt_2021_16_3_23549_59310.jpg,Which of these joints demonstrates the greatest degree of flexion in this frame?,Right glenohumeral (shoulder),Right patellofemoral (kneecap),Right talocrural (ankle),Right tibiofemoral (knee),,Right tibiofemoral (knee),Trunk & Extremities,"Buckthorpe M, Della Villa F"
images/PMC8169025_ijspt_2021_16_3_23549_59310.jpg,Which phase of the movement is depicted?,Late countermovement loading just before take‑off,Initial ground contact on landing,Isometric partial‑squat stance without a jump,Eccentric landing (deceleration/acceptance) following a bilateral jump,,Eccentric landing (deceleration/acceptance) following a bilateral jump,Trunk & Extremities,"Buckthorpe M, Della Villa F"
images/PMC4876305_IJMS-41-249-g001.jpg,Which description best fits the external ear morphology seen here?,Simple prominent ears with normal helix and antihelix contours,Posteriorly rotated ears with otherwise normal pinna anatomy,Low-set dysplastic auricle with malformed helix,Traumatic cauliflower ear with thickened cartilaginous auricle,Preauricular pits without pinna malformation,Low-set dysplastic auricle with malformed helix,Head & Neck,"Miryounesi M, Dianatpour M, Shadmani Z, Ghafouri-Fard S"
images/PMC4876305_IJMS-41-249-g001.jpg,"From this image, which of the following facial features cannot be reliably assessed?",Palpebral fissure length,Frontal hairline height,Nares morphology,Vertical ear position (low-set vs normal),,Palpebral fissure length,Head & Neck,"Miryounesi M, Dianatpour M, Shadmani Z, Ghafouri-Fard S"
images/PMC8564703_sjab195_suppl_Supplementary_Figure_1D.jpg,Which nipple–areolar complex finding is present?,Nipple inversion,No obvious nipple–areolar complex abnormality,Nipple eversion with normal areola,Areolar herniation/protrusion,,Areolar herniation/protrusion,Trunk & Extremities,"Sforza M, Spear S"
images/PMC8564703_sjab195_suppl_Supplementary_Figure_1D.jpg,Which description best characterizes the breast morphology?,Pseudoptosis (bottoming-out) with nipple above the inframammary fold,Grade II ptosis with nipple at or just below the inframammary fold,Constricted/tuberous breast with high inframammary fold and deficient lower pole,Poland syndrome with pectoralis major deficiency causing high inframammary fold,Mild hypoplastic breast without tuberous features,Constricted/tuberous breast with high inframammary fold and deficient lower pole,Trunk & Extremities,"Sforza M, Spear S"
images/PMC4564497_IJPS-48-144-g010.jpg,Which visible feature indicates the ear needs augmentation?,Excess postauricular skin redundancy over a well-projected helix,Prominent lobule requiring reduction rather than augmentation,Flattened helical rim with minimal curvature,Normal upper rim contour—augmentation not required,,Flattened helical rim with minimal curvature,Head & Neck,"Sharma M, Dudipala RR, Mathew J, Wakure A, Thankappan K, Balasubramaniam D, Iyer S"
images/PMC4564497_IJPS-48-144-g010.jpg,What description best matches this medical image?,Patient with cauliflower ear,Patient undergoing reconstruction for microtia,Patient with hyperplasia of the tragus,Patient with hyperplasia of the helical rim,Patient with untreated microtia,Patient undergoing reconstruction for microtia,Head & Neck,"Sharma M, Dudipala RR, Mathew J, Wakure A, Thankappan K, Balasubramaniam D, Iyer S"
images/PMC9897012_ijspt_2023_18_1_67988_135345.jpg,Which lower-body position is shown?,Single-leg stance on the left with contralateral pelvic drop,Split-stance lunge with right foot forward and rear knee nearly down,Hip-hinge with knees flexed and back slightly flexed,Quarter squat with mostly upright torso and minimal hip hinge,,Hip-hinge with knees flexed and back slightly flexed,Trunk & Extremities,"Wilk K, Thomas ZM, Arrigo CA, Davies GJ"
images/PMC9897012_ijspt_2023_18_1_67988_135345.jpg,Which physical domain is most directly emphasized by this task?,Aerobic endurance/VO2max from sustained continuous running,Dynamic balance and proprioceptive control while shuttling between cones,Visual reaction time with rapid change-of-direction agility,Linear sprint acceleration over ~21 feet with no reactive component,,Visual reaction time with rapid change-of-direction agility,Trunk & Extremities,"Wilk K, Thomas ZM, Arrigo CA, Davies GJ"
images/PMC4130914_kjod-44-184-g002.jpg,"Which angle is labeled ""2"" at the junction of the nose and upper lip?",Nasolabial angle,Nasofrontal angle,Lower component of the nasolabial angle,Nasofacial angle,,Nasolabial angle,Head & Neck,"Denize ES, McDonald F, Sherriff M, Naini FB"
images/PMC4130914_kjod-44-184-g002.jpg,Which label best represents the nasofrontal angle (defined as the inward curve or recess where the bridge of the nose meets the forehead)?,1,6,2-3,4,,1,Head & Neck,"Denize ES, McDonald F, Sherriff M, Naini FB"
images/PMC5536209_cm-90-294f3e.jpg,Is this view appropriate for evaluating the nasal dorsum profile?,"No, a basal view is the correct projection for dorsum assessment","Yes, this right lateral profile view is appropriate for assessing the nasal dorsum contour","No, a frontal/AP view is preferred for evaluating the dorsum profile","No, only CT or cone-beam imaging can accurately evaluate the nasal dorsum","No, the left lateral view (not right) is required to judge the dorsum profile","Yes, this right lateral profile view is appropriate for assessing the nasal dorsum contour",Head & Neck,El-Sabbagh AH
images/PMC5536209_cm-90-294f3e.jpg,"In subfigure e, which nasal characteristic is least assessable?",Tip rotation (nasolabial angle),Total nasal length (nasion to tip),Dorsal profile contour,Nasal tip projection,Tip symmetry,Tip symmetry,Head & Neck,El-Sabbagh AH
images/PMC10823833_JOCR-14-137-g005.jpg,Which statement best describes the shoulder levels in this image?,"Shoulder heights are unequal due to pelvic obliquity, with the left lower",Left shoulder is subtly higher than the right,Shoulders are approximately level bilaterally,Right shoulder is subtly higher than the left,,Left shoulder is subtly higher than the right,Trunk & Extremities,"Ghosh S, Prasath CSV"
images/PMC10823833_JOCR-14-137-g005.jpg,What best describes coronal balance in this standing frontal view?,Subtle right-of-midline head and trunk position with rightward lean,"Head and trunk centered over the pelvis, no discernible lateral lean",Trunk appears midline but pelvis shows right-up obliquity suggesting coronal imbalance,Coronal balance cannot be reliably assessed from this image due to rotation and arm position,Subtle left-of-midline head and trunk position with leftward lean,"Head and trunk centered over the pelvis, no discernible lateral lean",Trunk & Extremities,"Ghosh S, Prasath CSV"
images/PMC4097917_IJY-7-54-g003.jpg,Which upper extremity action is demonstrated?,Shoulder flexion to 90 degrees with scapular retraction,Bilateral shoulder abduction in the scapular plane with upward rotation,Bilateral shoulder flexion with scapular protraction,Shoulder extension with scapular protraction,Horizontal shoulder adduction with forearm pronation,Bilateral shoulder flexion with scapular protraction,Trunk & Extremities,"Sharan D, Manjula M, Urmi D, Ajeesh P"
images/PMC4097917_IJY-7-54-g003.jpg,What movement of the thoracolumbar spine is most evident in this position?,Right lateral flexion (side-bending),Neutral alignment (no significant motion),Forward flexion (thoracolumbar kyphosis),Axial rotation to the left,Extension with increased lumbar lordosis,Forward flexion (thoracolumbar kyphosis),Trunk & Extremities,"Sharan D, Manjula M, Urmi D, Ajeesh P"
images/PMC8964924_EMP2-3-e12714-g002.jpg,Which ocular sign features corneal bulging that indents the lower eyelid during downward gaze?,Fleischer ring,Kayser–Fleischer ring,Rizzuti sign,Munson's sign,Seidel sign,Munson's sign,Eyes,"Dukes DW, Tift FW"
images/PMC8964924_EMP2-3-e12714-g002.jpg,This clinical finding is most characteristic of which condition?,Acute corneal hydrops,Keratoglobus,Keratoconus,Pellucid marginal degeneration,Post-LASIK corneal ectasia,Keratoconus,Eyes,"Dukes DW, Tift FW"
images/PMC5811290_gox-6-e1623-g008.jpg,"Which ear landmark shows a smoother, less prominent contour in subfigure B compared with subfigure A?",Helical tail (inferior helical rim),Superior crus of the antihelix,Lower antihelical fold,Antitragus,,Lower antihelical fold,Head & Neck,"Kang NV, Sojitra N, Glumicic S, Vlok JA, O'Toole G, Hannan SA, Sabbagh W"
images/PMC5811290_gox-6-e1623-g008.jpg,"In subfigure B, which finding suggests a recent minor procedure rather than infection?","Black, dry eschar along the superior helix",Diffuse warmth and swelling extending beyond the adhesive with purulent crusting,"Faint, well-demarcated erythema confined beneath the Steri-Strips with small serosanguinous spots and no drainage",Tense fluctuance forming a bulging hematoma in the conchal bowl,Normal-appearing auricular skin without erythema or exudate,"Faint, well-demarcated erythema confined beneath the Steri-Strips with small serosanguinous spots and no drainage",Head & Neck,"Kang NV, Sojitra N, Glumicic S, Vlok JA, O'Toole G, Hannan SA, Sabbagh W"
images/PMC6811945_ijcpd-12-165-g027.jpg,Which abnormal finding is present among the anterior teeth?,Congenitally missing lateral incisor (hypodontia),Gemination of a central incisor,Retained primary incisor with lingual eruption of its successor,Supernumerary tooth,Fusion of adjacent incisors,Supernumerary tooth,Mouth & Jaws,"Joybell C, Krishnan R, Kumar S"
images/PMC6811945_ijcpd-12-165-g027.jpg,Which tooth group is affected in the image?,Maxillary incisors,Maxillary canines,Maxillary molars,Mandibular premolars,,Maxillary incisors,Mouth & Jaws,"Joybell C, Krishnan R, Kumar S"
images/PMC10929313_aoj-08-23-f5.jpg,How are the knees aligned relative to the feet?,Asymmetry: right knee drifts medially while left tracks over toes,Bilateral slight valgus with patellae just medial to the great toes,Mild varus drift with patellae slightly lateral to mid-foot,Patellae centered over the second-to-third toes bilaterally,,Patellae centered over the second-to-third toes bilaterally,Trunk & Extremities,"Nyland J, Pyle B, Richards J, Yoshida K, Brey J, Carter S"
images/PMC10929313_aoj-08-23-f5.jpg,Which combination of lower-extremity joint positions is shown?,Hips and knees slightly flexed with ankles dorsiflexed,Hips flexed with knees extended and ankles dorsiflexed,Hips and knees slightly flexed with ankles plantarflexed (heels subtly lifted),Hips and knees slightly flexed with ankles neutral,,Hips and knees slightly flexed with ankles dorsiflexed,Trunk & Extremities,"Nyland J, Pyle B, Richards J, Yoshida K, Brey J, Carter S"
images/PMC6219348_IJPS-51-123-g002.jpg,Which thumb position is shown with the left hand?,Hyperextended at the metacarpophalangeal joint with interphalangeal flexion (Z-thumb),Opposed across to the little finger,Abducted in the plane of the palm,Neutral resting position without deviation,Adducted against the palm,Adducted against the palm,Trunk & Extremities,"Srikanth R, Rayidi KR, Kakumanu S"
images/PMC6219348_IJPS-51-123-g002.jpg,Which functional task would be most impaired with this hand posture?,"Forearm pronation (e.g., turning the palm down)","Tip-to-tip pinch (e.g., picking up a coin)","Cylindrical power grip (e.g., holding a hammer)",Wrist extension against resistance,"Lateral (key) pinch (e.g., turning a key in a lock)","Tip-to-tip pinch (e.g., picking up a coin)",Trunk & Extremities,"Srikanth R, Rayidi KR, Kakumanu S"
images/PMC4934967_jer-12-3-216f4.jpg,Where is the elastic band positioned on the head?,Around the occipital bone at the level of the external occipital protuberance,Under the mandible at the chin,Over the vertex/crown of the head,Across the mid-forehead over the frontal bone,,Around the occipital bone at the level of the external occipital protuberance,Head & Neck,"Minguez-Zuazo A, Grande-Alonso M, Saiz BM, La Touche R, Lara SL"
images/PMC4934967_jer-12-3-216f4.jpg,Which neck movement is trained when the chin is pulled back against the band?,Lower cervical flexion,Cranio-cervical flexion (chin tuck),Cervical retraction (axial extension),Upper cervical extension (capital extension),,Cranio-cervical flexion (chin tuck),Head & Neck,"Minguez-Zuazo A, Grande-Alonso M, Saiz BM, La Touche R, Lara SL"
images/PMC4606724_JPBS-7-827-g003.jpg,Which lesion type is represented by the small red dots at the arrowed area?,Telangiectasias,Purpura,Petechiae,Herpetiform aphthous ulcers,,Petechiae,Mouth & Jaws,"Sathiasekar AC, Deepthi DA, Sathia Sekar GS"
images/PMC4606724_JPBS-7-827-g003.jpg,Which hemostatic problem is most consistent with the image findings?,Hemophilia A (factor VIII deficiency) with deep tissue hematomas,Normal hemostasis,von Willebrand disease type 3 with hemarthroses predominance,Vitamin C deficiency (scurvy) causing vascular fragility,Platelet dysfunction or thrombocytopenia,Platelet dysfunction or thrombocytopenia,Mouth & Jaws,"Sathiasekar AC, Deepthi DA, Sathia Sekar GS"
images/PMC3201006_CTO-04-19-g-024.jpg,Which attachment is on the most posterior right tooth?,Bondable buccal tube on the right first molar,Molar band with a buccal tube,Ceramic bracket with elastomeric ligature,No attachment—distal end of the archwire free,Temporary anchorage device (mini-implant) in the buccal sulcus,Molar band with a buccal tube,Mouth & Jaws,"Freesmeyer WB, Fussnegger MR, Ahlers MO"
images/PMC3201006_CTO-04-19-g-024.jpg,Which appliance extends diagonally from the upper canine to the lower molar?,Open-coil spring,Intermaxillary (Class II) elastic,Posterior crossbite elastic,Elastomeric power chain,Intermaxillary (Class III) elastic,Intermaxillary (Class II) elastic,Mouth & Jaws,"Freesmeyer WB, Fussnegger MR, Ahlers MO"
images/PMC8169025_ijspt_2021_16_3_23549_59311.jpg,Which lower-limb posture is shown?,Hips hyperextended with trunk arched backward and ankles dorsiflexed,Hips and knees flexed with ankles plantarflexed and heels slightly elevated,Hips and knees flexed with ankles dorsiflexed and heels in contact with the box,Hips and knees flexed with ankles neutral/plantigrade and midfoot loading,Knees extended with hips neutral and forefoot contact,Hips and knees flexed with ankles dorsiflexed and heels in contact with the box,Trunk & Extremities,"Buckthorpe M, Della Villa F"
images/PMC8169025_ijspt_2021_16_3_23549_59311.jpg,Which aspect of the setup shown reduces landing impact forces?,Landing on a raised box limits drop height,Crossing the arms over the chest to reduce angular momentum at touchdown,Adding a light weight belt to improve trunk stiffness and attenuate impact forces,Wearing minimalist footwear to encourage softer landings via proprioception,,Landing on a raised box limits drop height,Trunk & Extremities,"Buckthorpe M, Della Villa F"
images/PMC4755969_jpts-28-027-g003.jpg,Which wrist motion is illustrated in subfigure (a)?,Wrist flexion–extension (palmar flexion and dorsiflexion),Forearm pronation–supination with the wrist in neutral,Radial–ulnar deviation of the wrist,Finger (MCP) flexion–extension while gripping the ball,,Wrist flexion–extension (palmar flexion and dorsiflexion),Trunk & Extremities,"Hsieh WM, Hwang YS, Chen SC, Tan SY, Chen CC, Chen YL"
images/PMC4755969_jpts-28-027-g003.jpg,Which wrist motion is illustrated in subfigure (b)?,Forearm pronation and supination,Elbow flexion and extension,Wrist flexion and extension,Radial and ulnar deviation,,Radial and ulnar deviation,Trunk & Extremities,"Hsieh WM, Hwang YS, Chen SC, Tan SY, Chen CC, Chen YL"
images/PMC10432451_OS-15-2187-g005.jpg,"Comparing subfigures A and B, which statement best describes the active range of motion?","Both movements fail to reach 90°, indicating symmetric restriction","Forward flexion in B exceeds abduction in A, with flexion approaching full elevation","The apparent advantage of flexion in B is mainly due to trunk compensation, making true shoulder elevation similar between A and B",Abduction in A exceeds forward flexion in B,,"Forward flexion in B exceeds abduction in A, with flexion approaching full elevation",Trunk & Extremities,"Bi C, Wu J, Wu X"
images/PMC10432451_OS-15-2187-g005.jpg,"In subfigure A, what shoulder movement is demonstrated?",Shoulder flexion in the sagittal plane,Shoulder abduction in the frontal plane,Horizontal abduction from 90 degrees of shoulder flexion,Scaption (elevation in the scapular plane ~30-45 degrees anterior to frontal),,Shoulder abduction in the frontal plane,Trunk & Extremities,"Bi C, Wu J, Wu X"
images/PMC9051670_JFMPC-11-1212-g011.jpg,Which anatomical region is supported by the device’s stem?,Columella and medial crura of the lower lateral cartilages,Caudal nasal septum via a transseptal splint,Nasal vestibule/alar rim,Piriform aperture/alar base buttress,Internal nasal valve at the upper lateral–septal angle,Nasal vestibule/alar rim,Head & Neck,"Ferreira AN, Da Costa GC"
images/PMC9051670_JFMPC-11-1212-g011.jpg,What is the primary postoperative purpose of this nasal device?,Stabilize nasal bones and septum after fracture reduction,Deliver low‑flow oxygen via the nare during recovery,Block nasal airflow to rest the airway after palatal surgery,Maintain alar rim contour and nostril patency to prevent external nasal valve stenosis,Immobilize the upper lip to protect the cleft‑lip suture line,Maintain alar rim contour and nostril patency to prevent external nasal valve stenosis,Head & Neck,"Ferreira AN, Da Costa GC"
images/PMC10626592_amjcaserep-24-e939595-g005.jpg,Which description best matches the ocular alignment shown?,Subtle left supraduction lag with right hypertropia on upgaze,"Small-angle exotropia in primary position, more apparent on upgaze","Conjugate, symmetric upgaze without restriction",Mild right supraduction deficit producing a left hypertropia in upgaze,,"Conjugate, symmetric upgaze without restriction",Eyes,"Alsaggaf K, Aljuhani H, Aljahdali A, Hadrawi M, Almehmadi W"
images/PMC10626592_amjcaserep-24-e939595-g005.jpg,What ocular movement is being demonstrated in the image?,Laevoversion (left gaze),Supraduction (upgaze),Primary gaze (straight ahead),Dextroversion (right gaze),Infraduction (downgaze),Supraduction (upgaze),Eyes,"Alsaggaf K, Aljuhani H, Aljahdali A, Hadrawi M, Almehmadi W"
images/PMC5393092_IJMR-144-784-g001.jpg,How many discrete calvarial swellings are visible?,"Three, counting a subtle central bulge",One confluent swelling spanning the vertex,None—physiologic cranial contour only,"Two distinct calvarial swellings (one left, one right)",,"Two distinct calvarial swellings (one left, one right)",Head & Neck,"Singh A, Seth R"
images/PMC5393092_IJMR-144-784-g001.jpg,Which description best characterizes the contour of the skull swellings?,"Broad-based, gently flattened plateau-like swellings over the frontal bones",Ill-defined soft-tissue fullness without discrete contour change,Diffuse uniform circumferential enlargement of the cranium,"Smooth, dome-shaped focal protrusions",,"Smooth, dome-shaped focal protrusions",Head & Neck,"Singh A, Seth R"
images/PMC10280516_10.1177_11795735231181467-fig2.jpg,What auricular deformity is visible in this child’s ear?,Cryptotia with superior helix buried against the scalp,Overfolded superior helix (lop ear),Stahl’s ear with accessory third crus,Prominent ear due to antihelical fold deficiency without helix overfold,,Overfolded superior helix (lop ear),Head & Neck,"Horovitz DDG, de Faria Domingues de Lima MA, Pires LC, Campos Araujo AQ, Vargas FR"
images/PMC10280516_10.1177_11795735231181467-fig2.jpg,Which external ear structure is primarily affected?,Antihelix,Conchal bowl,Scapha,Helix,Superior crus of the antihelix,Helix,Head & Neck,"Horovitz DDG, de Faria Domingues de Lima MA, Pires LC, Campos Araujo AQ, Vargas FR"
images/PMC5999371_pcama-23-204-g001.jpg,Which spinal posture is shown at the start of the lift?,Hyperlordotic extension of the lower back with rib flare,Subtle axial rotation of the trunk to the right with the right shoulder leading,Upright neutral spine without any forward lean,Neutral lumbar spine with slight forward trunk lean (hip hinge),Mild lumbar flexion with posterior pelvic tilt (rounded back),Neutral lumbar spine with slight forward trunk lean (hip hinge),Trunk & Extremities,"Swift MC, Townsend R, Edwards DW, Loudon JK"
images/PMC5999371_pcama-23-204-g001.jpg,Which hand grip is being used on the crate?,Neutral (hammer) grip using the side cutout handles,Supinated underhand grip from beneath the top lip,Pronated overhand grip on the top rim,Mixed grip with left hand overhand and right hand underhand on opposite edges,Pinch grip on the side lattice,Neutral (hammer) grip using the side cutout handles,Trunk & Extremities,"Swift MC, Townsend R, Edwards DW, Loudon JK"
images/PMC3199840_CTO-06-02-g-018.jpg,Which congenital ear anomaly is shown?,Preauricular skin tag (accessory tragus),Grade II microtia,Congenital aural atresia with normal auricle,Anotia,,Anotia,Head & Neck,"Siegert R, Magritz R"
images/PMC3199840_CTO-06-02-g-018.jpg,Which external ear structures are absent on the visible side?,"Only the lobule is absent, helix and conchal bowl present but low-set","Entire auricle including helix, antihelix, concha, and lobule","Helix and antihelix absent, but lobule and tragus preserved as a rudimentary remnant","Only the tragus is absent, remainder of auricle intact","Normal-appearing auricle, small preauricular skin tag only","Entire auricle including helix, antihelix, concha, and lobule",Head & Neck,"Siegert R, Magritz R"
images/PMC9398088_jpd-12-jpd223162-g001.jpg,What do the finger-mounted sensors primarily measure?,Surface muscle electrical activity from intrinsic hand muscles (EMG),Peripheral oxygen saturation (photoplethysmography),3D spatial position and orientation of the fingers relative to the field source (kinematics),Local linear acceleration of the fingertips (accelerometry/tremor amplitude),,3D spatial position and orientation of the fingers relative to the field source (kinematics),Trunk & Extremities,"Day JO, Smith S, Noyce AJ, Alty J, Jeffery A, Chapman R, Carroll C"
images/PMC9398088_jpd-12-jpd223162-g001.jpg,Which hand movement is this configuration best suited to quantify?,Thumb–little finger opposition speed,Thumb–index tip-to-tip tapping (precision pinch),Thumb–index key-pinch force,Index–middle finger tapping rate,,Thumb–index tip-to-tip tapping (precision pinch),Trunk & Extremities,"Day JO, Smith S, Noyce AJ, Alty J, Jeffery A, Chapman R, Carroll C"
images/PMC8435881_CCID-14-1175-g0018.jpg,In which figure does the lower lip have more volume?,Panel B (right),Equally pronounced in both panels,Panel A (left),Not appreciably visible in either panel,,Panel B (right),Mouth & Jaws,"van Loghem J, Sattler S, Casabona G, Cotofana S, Fabi SG, Goldie K, Gout U, Kerscher M, Lim TS, de Sanctis Pecora C, Sattler G, Trindade de Almeida A, Wanitphakdeedecha R, Werschler P, Pavicic T"
images/PMC8435881_CCID-14-1175-g0018.jpg,In which subfigure is the Cupid's bow/central tubercle of the upper lip more pronounced?,Panel B (right),Equally pronounced in both panels,Panel A (left),Not appreciably visible in either panel,,Panel A (left),Mouth & Jaws,"van Loghem J, Sattler S, Casabona G, Cotofana S, Fabi SG, Goldie K, Gout U, Kerscher M, Lim TS, de Sanctis Pecora C, Sattler G, Trindade de Almeida A, Wanitphakdeedecha R, Werschler P, Pavicic T"
images/PMC4513063_aps-42-494-g005.jpg,Which digits are primarily pinching to control the pen near its tip?,Thumb and ring finger,Thumb and index finger,"Thumb, index finger, and middle finger",Thumb and middle finger,Index and middle finger,"Thumb, index finger, and middle finger",Trunk & Extremities,"Couceiro J, Sanmartin M"
images/PMC4513063_aps-42-494-g005.jpg,Which type of grasp best describes how the pen is being held?,Cylindrical power grip,Key pinch (lateral pinch against index),Pad-to-side pinch (thumb–middle finger),Three-jaw chuck (tripod pinch using thumb–index–middle),Precision pinch (thumb–index),Three-jaw chuck (tripod pinch using thumb–index–middle),Trunk & Extremities,"Couceiro J, Sanmartin M"
images/PMC7489633_gox-8-e3072-g005.jpg,Which statement best describes the ear’s position?,The left ear lies close to the scalp,The right ear is folded into the scalp with loss of the postauricular sulcus (cryptotia),The right ear lies close to the scalp,The left ear is folded into the scalp with loss of the postauricular sulcus (cryptotia),,The right ear lies close to the scalp,Head & Neck,"Ueda K, Kino H, Katayama M, Hirota Y"
images/PMC7489633_gox-8-e3072-g005.jpg,Which head orientation is depicted in the image?,Right lateral profile view focused on the auricle,Posterolateral occipital (rear oblique) view,Superior vertex (top-down) view,Frontal anteroposterior facial view,Left lateral profile view focused on the auricle,Right lateral profile view focused on the auricle,Head & Neck,"Ueda K, Kino H, Katayama M, Hirota Y"
images/PMC4362191_SaudiMedJ-36-1-g003.jpg,Which neck region corresponds to the location of the swelling?,Posterior triangle,Parotid (preauricular) region,Supraclavicular triangle,Carotid triangle (anterior triangle),Submandibular (digastric) triangle,Posterior triangle,Head & Neck,Saudi Medical Journal (no author listed)
images/PMC4362191_SaudiMedJ-36-1-g003.jpg,"Relative to the external ear, where is the swelling?","Directly over the mastoid tip, level with the lobule","Over the angle of the mandible, just below the tragus",Inferior and posterior to the lobule (along the posterior hairline),Inferior but anterior to the lobule (parotid tail region),,Inferior and posterior to the lobule (along the posterior hairline),Head & Neck,Saudi Medical Journal (no author listed)
images/PMC10423672_hkpj-43-081-g003.jpg,Which subfigure shows the end angle?,Neither subfigure (the end angle cannot be identified from still images),Right subfigure,Left subfigure,Both subfigures (end angle equals the start angle when trunk excursion is zero),,Left subfigure,Trunk & Extremities,"Hassan IMI, Keblawy ME, Elsalam MA, Embaby EA"
images/PMC10423672_hkpj-43-081-g003.jpg,How is trunk excursion calculated?,End angle at the bottom position minus the start angle in standing,Start angle in standing minus the end angle at the bottom position,Absolute difference between start and end trunk angles (ignoring direction),Mean of the start and end trunk angles,,End angle at the bottom position minus the start angle in standing,Trunk & Extremities,"Hassan IMI, Keblawy ME, Elsalam MA, Embaby EA"
images/PMC6811945_ijcpd-12-165-g029.jpg,What finding is evident in the maxillary anterior region?,Absence of right central incisor of maxilla,No true anterior abnormality—spacing due to proclination of the upper incisors,Absence of left central incisor of maxilla,Absence of right central incisor of mandible,Absence of left central incisor of mandible,Absence of left central incisor of maxilla,Mouth & Jaws,"Joybell C, Krishnan R, Kumar S"
images/PMC6811945_ijcpd-12-165-g029.jpg,Which teeth show a peg-shaped morphology in this image?,Mandibular lateral incisors,Maxillary lateral incisors bilaterally,Maxillary central incisors bilaterally,Maxillary canines bilaterally,Maxillary lateral incisor on the left only,Maxillary lateral incisors bilaterally,Mouth & Jaws,"Joybell C, Krishnan R, Kumar S"
images/PMC3400879_arm-36-386-g001.jpg,Right panel: Which phase of the sit-to-stand movement is shown?,Momentum‑transfer phase immediately after seat‑off,Controlled pre‑contact descent just before sitting,Stabilization phase in full upright stance,Step‑initiation from standing (first movement into gait),Late extension phase with hips/knees nearly straight but trunk still slightly flexed,Stabilization phase in full upright stance,Trunk & Extremities,"Cho KH, Bok SK, Kim YJ, Hwang SL"
images/PMC3400879_arm-36-386-g001.jpg,This test primarily assesses strength and endurance of which muscle groups?,Hamstrings and hip abductors,Hip adductors and quadriceps,Quadriceps and gluteals,Gastrocnemius–soleus complex and tibialis anterior,Lumbar extensors and abdominal obliques,Quadriceps and gluteals,Trunk & Extremities,"Cho KH, Bok SK, Kim YJ, Hwang SL"
images/PMC4934967_jer-12-3-216f8.jpg,Which ocular movement is trained by alternating gaze between the thumbs in this position?,Vergence (convergence–divergence) by alternating near and far fixation,"Conjugate horizontal saccades between two stationary, equidistant targets",Vestibulo-ocular reflex during active head turns,Horizontal smooth pursuit of a single moving target,,"Conjugate horizontal saccades between two stationary, equidistant targets",Eyes,"Minguez-Zuazo A, Grande-Alonso M, Saiz BM, La Touche R, Lara SL"
images/PMC4934967_jer-12-3-216f8.jpg,Where are the thumbs positioned relative to the eyes during the exercise?,"Directly in front of the nose, approximately 20 cm from the face",Directly in front of the eyes at arm’s length,Directly in front of the eyes but only 7–10 cm from the face,Slightly above eye level at arm’s length,,Directly in front of the eyes at arm’s length,Eyes,"Minguez-Zuazo A, Grande-Alonso M, Saiz BM, La Touche R, Lara SL"
images/PMC6952158_gox-7-e2312-g003.jpg,Which best descibes the image of the ear?,Persistent pink erythema with mild edema at the meatal margin,"Heaped, shiny raised border suggesting hypertrophic/keloid scar",Irregular ulceration with adherent crusts at the rim,Friable beefy-red granulation tissue protruding from the canal,"Flat, hypopigmented, hairless scar forming a smooth rim around the external canal","Flat, hypopigmented, hairless scar forming a smooth rim around the external canal",Head & Neck,"Karakawa R, Iida T, Yoshimatsu H, Kanayama K, Yamasoba T"
images/PMC6952158_gox-7-e2312-g003.jpg,Which best describes the external auditory canal opening?,Partially occluded by dry keratinous crust along the posterior canal wall,"Smoothly epithelialized, widely patent meatus without granulation or discharge","Moist, friable granulation tissue at the margins with purulent otorrhea",Mild concentric meatal stenosis with anterior blunting and a thin granulation rim,,"Smoothly epithelialized, widely patent meatus without granulation or discharge",Head & Neck,"Karakawa R, Iida T, Yoshimatsu H, Kanayama K, Yamasoba T"
images/PMC5613199_etm-14-04-2795-g03.jpg,Which subfigure shows clinical improvement based on ocular findings?,A — apparent reduction in scleral show and eyelid edema,Cannot determine due to differing gaze/lighting,Neither — no appreciable improvement between images,B — decreased proptosis with improved eyelid retraction,,B — decreased proptosis with improved eyelid retraction,Eyes,"Hao HT, Wang Y, Wang X, Luan S, Cui J, Chen Y, Cui YL"
images/PMC5613199_etm-14-04-2795-g03.jpg,Which subfigure shows a wider palpebral fissure (greater eyelid retraction)?,No difference—palpebral fissure width appears equal in A and B,Neither—no lid retraction is evident,A,B,,A,Eyes,"Hao HT, Wang Y, Wang X, Luan S, Cui J, Chen Y, Cui YL"
images/PMC4727698_gox-3-e589-g008.jpg,Which labeled design advances the hairline most between A and B?,1 (concave arc),No difference—each advances equally,3 (convex arc),2 (straight chord),,3 (convex arc),Skin & Hair,Park JH
images/PMC4727698_gox-3-e589-g008.jpg,Which labeled point is the temporal end of the arc nearest the ear?,B,A,Both A and B,Neither—it's the unlabeled M point,,B,Head & Neck,Park JH
images/PMC3199843_CTO-06-03-g-016.jpg,Which portion of the ear is excessively pinned back compared with the rest?,Antihelical fold,Conchal bowl,Middle third of the auricle,"Lower third (caudal pole, including lobule)",Upper third (cranial pole) of the auricle,Middle third of the auricle,Head & Neck,"Staindl O, Siedek V"
images/PMC3199843_CTO-06-03-g-016.jpg,"Based on the ear shape, which prior procedure most likely caused this complication?",Postauricular rhytidectomy (facelift) with lobule tethering,Lobuloplasty (earlobe reduction),Septorhinoplasty,Otoplasty (antihelical fold/ear pinning),,Otoplasty (antihelical fold/ear pinning),Surgical & Procedural,"Staindl O, Siedek V"
images/PMC9718688_ijspt_2022_17_7_39796_103475.jpg,Where does the bar rest on the athlete’s body?,Balancing over the clavicles/anterior shoulders,Pressed into the mid-back between the scapulae,Weighted on the iliac crests/hips,Supported primarily by the hands on the uprights,Across the upper back/shoulders,Across the upper back/shoulders,Trunk & Extremities,Lorenz D
images/PMC9718688_ijspt_2022_17_7_39796_103475.jpg,What supportive equipment is visible around the athlete’s torso?,Low-positioned heart-rate monitor chest strap,Rigid leather weightlifting belt,No supportive equipment,Neoprene lumbar support wrap with Velcro closure,,Rigid leather weightlifting belt,Trunk & Extremities,Lorenz D
images/PMC7008622_JIPS-20-110-g008.jpg,Which foot contains the custom-made prosthesis?,Both feet are prosthetic,Foot on the right side of the image (patient’s left),Foot on the left side of the image (patient’s right),No prosthesis is visible,,Foot on the right side of the image (patient’s left),Trunk & Extremities,"Lanzara R, Viswambaran M, Gopi A"
images/PMC7008622_JIPS-20-110-g008.jpg,How far proximally does the prosthetic covering appear to extend?,Limited to the forefoot (ending near the metatarsal necks),Limited to the first and second toe only,Extending proximally above the malleoli into the distal leg,Up to and including the malleolar/ankle region,Up to but not covering the malleoli (just distal to the ankle crease),Limited to the forefoot (ending near the metatarsal necks),Trunk & Extremities,"Lanzara R, Viswambaran M, Gopi A"
images/PMC5402517_JNRP-8-313-g006.jpg,"In subfigure (d), what abnormality is present?",Esotropia in primary position with full vertical ductions,Mild ptosis mimicking poor down-gaze,Reduced depression (restricted downward gaze),No vertical restriction—only end-gaze nystagmus,Reduced elevation (restricted upward gaze),Reduced depression (restricted downward gaze),Eyes,"Mahale RR, Buddaraju K, Mehta A, Javali M, Acharya P, Srinivasa R"
images/PMC5402517_JNRP-8-313-g006.jpg,"The arrows indicate the direction of the desired gaze. Across all subfigures, which extraocular muscles are most likely underperforming?",Superior and inferior rectus,Superior rectus and inferior oblique,Superior and inferior oblique,Medial and lateral rectus,,Superior and inferior rectus,Eyes,"Mahale RR, Buddaraju K, Mehta A, Javali M, Acharya P, Srinivasa R"
images/PMC6537035_IDR-12-1381-g0002.jpg,What abnormality is visible at the inner corner of the eye?,Thin tear lake without discharge,Subconjunctival hemorrhage at the inner canthus,No remaining abnormality,Residual discharge at the medial canthus,Subtle corneal opacity at the inner corner,Residual discharge at the medial canthus,Eyes,"Wang MF, Wang L, Li LF"
images/PMC6537035_IDR-12-1381-g0002.jpg,What best describes the palpebral fissure in this eye?,Palpebral fissure widely open due to lid retraction,Lower-lid eversion (ectropion) with increased exposure,Incomplete eyelid closure (lagophthalmos) rather than narrowing,Normal palpebral fissure without swelling,Narrowed palpebral fissure from upper-lid edema causing mechanical ptosis,Narrowed palpebral fissure from upper-lid edema causing mechanical ptosis,Eyes,"Wang MF, Wang L, Li LF"
images/PMC3199843_CTO-06-03-g-010.jpg,Which part of the ear is abnormal?,Edge of the antihelix,Tragus,Ear lobule,Normal ear without abnormality present,Superior rim of the helix,Edge of the antihelix,Head & Neck,"Staindl O, Siedek V"
images/PMC3199843_CTO-06-03-g-010.jpg,Which description best characterizes the ear abnormality?,Increased formation of edges in the antihelix area,Conchal bowl hypertrophy causing protrusion without rim enlargement,Darwin's tubercle on the superior helix,Hypertrophy of the helical rim (prominent helix) of the right auricle,Hypertrophy of the helical rim (prominent helix) of the left auricle,Increased formation of edges in the antihelix area,Head & Neck,"Staindl O, Siedek V"
images/PMC6326610_gox-6-e1971-g008.jpg,Right subfigure: Toward which region does the distal end of the red line course?,Radial volar wrist near the scaphoid tubercle/thenar eminence,Ulnar volar wrist adjacent to the hypothenar/pisiform region,Dorsal ulnar wrist near the ulnar styloid,Central palm at the level of the distal palmar crease,,Ulnar volar wrist adjacent to the hypothenar/pisiform region,Trunk & Extremities,"Meals CG, Chang J"
images/PMC6326610_gox-6-e1971-g008.jpg,"Which colored line represents the straighter, more ulnar longitudinal forearm incision?",Distal dashed blue line highlighted in white,Proximal dashed blue line highlighted in white,Solid red line,Distal dashed blue line highlighted in red,None depicts a straight ulnar incision,Proximal dashed blue line highlighted in white,Surgical & Procedural,"Meals CG, Chang J"
images/PMC3703682_CCD-4-112-g007.jpg,What type of dental prosthesis spans the lower anterior teeth?,Adhesive fixed partial denture with cast metal lingual wings,Lingual bonded orthodontic retainer across the mandibular incisors,Fiber-reinforced composite periodontal splint of the lower anteriors,Removable partial denture with a lingual bar and canine rests,,Adhesive fixed partial denture with cast metal lingual wings,Mouth & Jaws,"Kalra A, Gowda ME, Verma K"
images/PMC3703682_CCD-4-112-g007.jpg,The metal framework is bonded to which surfaces of the abutment teeth?,Lingual (palatal) surfaces of the abutments,Labial/facial surfaces of the abutments,Occlusal/incisal surfaces of the abutments,Mesial and distal proximal surfaces of the abutments,,Lingual (palatal) surfaces of the abutments,Mouth & Jaws,"Kalra A, Gowda ME, Verma K"
images/PMC9306113_JMAS-18-450-g008.jpg,What instrument is being used to assess cutaneous sensation in the image?,Neurotip (pinprick tester),Nylon monofilament,Cotton-tipped applicator,Two-point discriminator (aesthesiometer),Wartenberg pinwheel,Nylon monofilament,Mouth & Jaws,"Ruan J, Yang X, Zhao JG, Tao L, Ning XJ, He F, Zhou CY, Zhou C, Karcz WK"
images/PMC9306113_JMAS-18-450-g008.jpg,Which anatomical region is being tested in the image?,Mentolabial sulcus,Lower lip (vermillion border),Chin (mental region),Submental triangle (suprahyoid region),,Chin (mental region),Head & Neck,"Ruan J, Yang X, Zhao JG, Tao L, Ning XJ, He F, Zhou CY, Zhou C, Karcz WK"
images/PMC8559880_IJOEM-25-138-g001.jpg,"Which subfigure shows the upper arm farther from the torso, increasing shoulder abduction load?",Both are comparable,"b (115°, upper arm farther from torso)",Indeterminate due to camera angle,"a (80°, upper arm closer to torso)",,"b (115°, upper arm farther from torso)",Trunk & Extremities,"Nejad NH, Mohammadian M, Haghdoost AA, Charkhloo E"
images/PMC8559880_IJOEM-25-138-g001.jpg,Which subfigure shows greater elbow flexion?,"Subfigure a (left panel, ~80°)",Neither—both are primarily extended,Both show comparable flexion,Cannot determine without knowing the angle convention,"Subfigure b (right panel, ~115°)","Subfigure a (left panel, ~80°)",Trunk & Extremities,"Nejad NH, Mohammadian M, Haghdoost AA, Charkhloo E"
images/PMC6996043_omz127f1.jpg,"In subfigures A and B, which contour change best indicates unilateral atrophy?",Apparent fullness of the right parotid–masseteric region with preserved mandibular contour,"No appreciable asymmetry, bilaterally symmetric malar contours",Hollowing and narrowing of the right cheek and mandibular angle,Left cheek hollowing with widening of the left mandibular angle,,Hollowing and narrowing of the right cheek and mandibular angle,Head & Neck,"Srinivasan R, Joy ST"
images/PMC6996043_omz127f1.jpg,"In subfigure A, which side shows hemifacial atrophy?",Patient's right side (image left),No appreciable asymmetry,Bilateral symmetric involvement,Patient's left side (image right),,Patient's right side (image left),Head & Neck,"Srinivasan R, Joy ST"
images/PMC4502201_LI-32-359-g002.jpg,Which subfigure shows the appropriate method for visibly soiled hands?,Subfigure a — alcohol-based hand rub,"Neither, visibly soiled hands require a surgical scrub",Subfigure b — soap-and-water handwashing,Either method is equally appropriate for visibly soiled hands,,Subfigure b — soap-and-water handwashing,Surgical & Procedural,"Rasam SA, Apte KK, Salvi SS"
images/PMC4502201_LI-32-359-g002.jpg,"When hands are not visibly soiled, which subfigure shows the preferred method for hand hygiene between patient contacts?","Subfigure b, then a: soap-and-water must be followed by alcohol-based hand rub",Both subfigures are acceptable when hands appear clean,No preference—hand hygiene is unnecessary between contacts if gloves were used and hands look clean,Subfigure a: alcohol-based hand rub is preferred when hands are not visibly soiled,,Subfigure a: alcohol-based hand rub is preferred when hands are not visibly soiled,Surgical & Procedural,"Rasam SA, Apte KK, Salvi SS"
images/PMC3445997_IJPD-20-131-g002.jpg,What abnormality is present at the corner of the mouth?,Angular cheilitis causing fissuring of the mouth corner,Classic unilateral cleft lip involving the philtral column,True macrostomia (widened oral slit without cleft at the commissure),Pseudomacrostomia (lateral cleft-like extension of the oral commissure),Commissural lip pit at the oral commissure,Pseudomacrostomia (lateral cleft-like extension of the oral commissure),Mouth & Jaws,"Gharehbaghi MM, Ghaemi MR"
images/PMC3445997_IJPD-20-131-g002.jpg,This lateral oral commissure defect is associated with which syndrome?,Van der Woude syndrome (lip pits–cleft spectrum),22q11.2 deletion syndrome (velocardiofacial/DiGeorge),Goldenhar syndrome (oculo-auriculo-vertebral spectrum),Nager acrofacial dysostosis,Treacher Collins syndrome (mandibulofacial dysostosis),Goldenhar syndrome (oculo-auriculo-vertebral spectrum),Mouth & Jaws,"Gharehbaghi MM, Ghaemi MR"
images/PMC8855428_10.1177_25158414211059247-fig2.jpg,What eyelid abnormality is present in both eyes?,Upper eyelid entropion with lashes abrading the cornea,Bilateral eversion of lax upper eyelids consistent with floppy eyelid syndrome,Isolated lower eyelid ectropion without upper-lid involvement,Bilateral upper eyelid retraction with superior scleral show,No lid malposition—only conjunctival chemosis,Bilateral eversion of lax upper eyelids consistent with floppy eyelid syndrome,Eyes,"De Gregorio A, Cerini A, Scala A, Lambiase A, Pedrotti E, Morselli S"
images/PMC8855428_10.1177_25158414211059247-fig2.jpg,Which anatomic surface is abnormally exposed and appears injected in this image?,Palpebral (tarsal) conjunctiva of the upper eyelids,Palpebral (tarsal) conjunctiva of the lower eyelids,Corneal epithelium/anterior stroma,Lacrimal caruncle and plica semilunaris,Superior bulbar conjunctiva near the limbus,Palpebral (tarsal) conjunctiva of the upper eyelids,Eyes,"De Gregorio A, Cerini A, Scala A, Lambiase A, Pedrotti E, Morselli S"
images/PMC8255699_cop-0012-0543-g02.jpg,"In the rightmost panel (leftward gaze), which eye shows limited abduction?",Left eye (ipsilateral to leftward gaze),Right eye (contralateral to leftward gaze),Both eyes equally,No limitation is evident,,Left eye (ipsilateral to leftward gaze),Eyes,"Seddon I, Skolnick K"
images/PMC8255699_cop-0012-0543-g02.jpg,Which cranial nerve is primarily affected by the eye movement pattern shown?,Right abducens nerve (CN VI),No primary cranial nerve deficit (physiologic end-gaze limitation),Trochlear nerve (CN IV) — superior oblique palsy,Left abducens nerve (CN VI),Oculomotor nerve (CN III) — medial rectus weakness,Left abducens nerve (CN VI),Eyes,"Seddon I, Skolnick K"
images/PMC10155245_IJHS-17-39-g004.jpg,What deformity is present in the small finger of the hand shown?,Camptodactyly,Kirner’s deformity,Brachydactyly,Clinodactyly,,Clinodactyly,Trunk & Extremities,"Alekri A, Busehail M, Rhayel N, Almosawi SM"
images/PMC10155245_IJHS-17-39-g004.jpg,In which direction is the fifth finger deviated?,Toward the ring finger (radial deviation),Away from the ring finger toward the ulnar border (ulnar deviation),Dorsal angulation with neutral radial–ulnar alignment,No true sideways deviation—only PIP flexion giving a false appearance,,Toward the ring finger (radial deviation),Trunk & Extremities,"Alekri A, Busehail M, Rhayel N, Almosawi SM"
images/PMC9469215_JPBS-14-1033-g013.jpg,What prostheses are visible in this image?,Dentures and forefinger prostheses,Dentures only,Hand prostheses,Forefinger prostheses only,No prostheses available,Dentures and forefinger prostheses,Trunk & Extremities,"Bashir T, Sapri AMS, Tiwari A, Basaqr AA, Almoqiteef FMN, Zainab A, Ahmad N, Kamal D"
images/PMC9469215_JPBS-14-1033-g013.jpg,What is the finger alignment when the palms are opposed?,Thumbs meet at the tips but the remaining fingers are splayed apart,"Persistent 3–4 mm gap at the ring-finger pair, more evident toward the right","Little fingers fail to touch, leaving a 1–2 cm ulnar gap despite opposed palms","Left index and middle fingers override their right counterparts (scissoring), with poor alignment","Symmetric apposition of corresponding digits from index to little finger, with no visible gaps","Symmetric apposition of corresponding digits from index to little finger, with no visible gaps",Trunk & Extremities,"Bashir T, Sapri AMS, Tiwari A, Basaqr AA, Almoqiteef FMN, Zainab A, Ahmad N, Kamal D"
images/PMC9528696_ijspt_2022_17_6_36964_94719.jpg,Which muscle group is being targeted by the therapy and electrode placement?,Hip flexors (iliopsoas/rectus femoris),"Hip abductors (gluteus medius/minimus, TFL/IT band)",Knee extensors (quadriceps group),Medial thigh adductors,,Knee extensors (quadriceps group),Trunk & Extremities,Lupowitz L
images/PMC9528696_ijspt_2022_17_6_36964_94719.jpg,Where is the electrode placed on the leg?,Directly on the patella,Distal anteromedial thigh over the vastus medialis obliquus near the medial patellar border,Proximal posterior thigh (hamstrings),Mid-anterior thigh centered over rectus femoris,,Distal anteromedial thigh over the vastus medialis obliquus near the medial patellar border,Trunk & Extremities,Lupowitz L
images/PMC4762345_JIPS-15-390-g002.jpg,What is the most likely clinical reason for measuring this opening?,To choose the correct tracheostomy tube or Montgomery cannula size for airway support,To assess patency of a tracheoesophageal puncture and select a voice prosthesis,To evaluate for stomal stenosis and to size devices such as an HME or tracheal button,To plan stomaplasty for a large stoma by documenting peristomal tissue redundancy,,To evaluate for stomal stenosis and to size devices such as an HME or tracheal button,Head & Neck,"Jain P, Siwach A, Arora G, Agarwal R"
images/PMC4762345_JIPS-15-390-g002.jpg,Which anatomic site/procedure is shown?,Permanent tracheostoma on the anterior neck after total laryngectomy,Mature tracheostomy stoma following prolonged mechanical ventilation (no laryngectomy),Pharyngocutaneous fistula opening in the lower cervical region after laryngeal surgery,Percutaneous endoscopic gastrostomy (PEG) stoma on the upper abdomen,Colostomy stoma in the right lower quadrant,Permanent tracheostoma on the anterior neck after total laryngectomy,Head & Neck,"Jain P, Siwach A, Arora G, Agarwal R"
images/PMC8258829_10.1177_2192568220947744-fig6.jpg,Performing the maneuver shown while keeping the knee extended tests for pain in which structure?,Achilles tendon,Patellofemoral articulation,Contralateral sacroiliac joint,Ipsilateral sacroiliac joint,Ankle mortise,Ipsilateral sacroiliac joint,Trunk & Extremities,"Satin AM, Lieberman IH"
images/PMC8258829_10.1177_2192568220947744-fig6.jpg,"From subfigure A to subfigure B, what change occurs on the affected side?",The heel is forcefully dropped to the floor while the knee remains extended,The foot turns inward into inversion as weight transfers,The ankle moves into greater plantarflexion with the toes pointed downward,The heel contacts the floor as the knee flexes slightly into a mini-squat,The toes dorsiflex further during heel contact,The heel is forcefully dropped to the floor while the knee remains extended,Trunk & Extremities,"Satin AM, Lieberman IH"
images/PMC10929313_aoj-08-23-f2.jpg,What cervical spine alignment is shown by the head position?,"Mild hyperextension, head tilted up with eyes forward",Forward-head posture (upper cervical extension with lower cervical flexion),"Neutral, gaze toward the floor beneath the head","Marked flexion, chin approximating chest",Cervical rotation to the left with slight side-bending,"Neutral, gaze toward the floor beneath the head",Head & Neck,"Nyland J, Pyle B, Richards J, Yoshida K, Brey J, Carter S"
images/PMC10929313_aoj-08-23-f2.jpg,What is the effect of gripping small balls instead of placing palms flat during this movement?,"Elevates the hands, shifting load away from the trunk and onto the knees","Increases friction and contact area, making the task easier to balance",Provides tactile feedback that reduces sway without changing base of support,Primarily adds resistance for the elbow flexors through increased gripping,Decreases base of support and increases stabilization demand,Decreases base of support and increases stabilization demand,Trunk & Extremities,"Nyland J, Pyle B, Richards J, Yoshida K, Brey J, Carter S"
images/PMC7787085_TJO-10-259-g002.jpg,Which diagnosis best explains the findings in the affected eye?,Hypermature cataract,Microphthalmos with corneal leukoma,Absolute (end‑stage) glaucoma with corneal edema,Phthisis bulbi,,Phthisis bulbi,Eyes,"Ademola-Popoola DS, Yusuf IA"
images/PMC7787085_TJO-10-259-g002.jpg,The abnormal reflection of light from the pupil is most consistent with which intraocular finding?,Corneal arcus producing a peripheral gray ring,Hypopyon layering inferiorly within the anterior chamber,Rhegmatogenous retinal detachment with a macular fold at the posterior pole,Posteriorly dislocated crystalline lens floating in the vitreous cavity,,Posteriorly dislocated crystalline lens floating in the vitreous cavity,Eyes,"Ademola-Popoola DS, Yusuf IA"
images/PMC9509013_CCID-15-1969-g0002.jpg,Which landmarks define the horizontal measurement labeled X?,Medial canthus to medial canthus,Right medial canthus to ipsilateral cheek apex,Lateral canthus to lateral canthus,Alare to alare (nasal base width),Pupil center to pupil center,Medial canthus to medial canthus,Head & Neck,"Zhang Y, Xiao Z"
images/PMC9509013_CCID-15-1969-g0002.jpg,"On the right, which vertical distance is labeled a?",Margin of the right lower eyelid to the nasal base,Upper edge of the right eyebrow to the margin of the right lower eyelid,Upper edge of the right eyebrow to the margin of the right upper eyelid,Upper edge of the left eyebrow to the margin of the left lower eyelid,,Upper edge of the right eyebrow to the margin of the right lower eyelid,Head & Neck,"Zhang Y, Xiao Z"
images/PMC6811945_ijcpd-12-165-g013.jpg,Which skeletal region is primarily underdeveloped?,Isolated nasal bones and septal cartilage,Occipital squama and nuchal crest,Fronto-orbital (frontal bone) complex,Mandibular body and angle (retrognathia),Maxilla and zygomatic (malar) complex,Maxilla and zygomatic (malar) complex,Mouth & Jaws,"Joybell C, Krishnan R, Kumar S"
images/PMC6811945_ijcpd-12-165-g013.jpg,Which jaw relationship is most likely present?,Bimaxillary protrusion,Neutral skeletal profile,True mandibular prognathism with normal maxillary position,Mandibular retrusion with a convex profile,Apparent mandibular prognathism secondary to maxillary retrusion (pseudo-Class III),Apparent mandibular prognathism secondary to maxillary retrusion (pseudo-Class III),Mouth & Jaws,"Joybell C, Krishnan R, Kumar S"
images/PMC6382221_gox-7-e1982-g003.jpg,What is the ear lobule morphology?,"Free, pendulous lobule with a clear lobulofacial sulcus",Lobule with post-piercing keloid hypertrophy,Mildly attached lobule with shallow sulcus blending into the cheek,Partially split lobule from earring traction (incomplete cleft),,Mildly attached lobule with shallow sulcus blending into the cheek,Head & Neck,"Taylor LA, Lewis VL Jr"
images/PMC6382221_gox-7-e1982-g003.jpg,Which part of the ear shows the most prominent abnormality?,Antihelix,No prominent ear abnormality,Scapha,Helix,Crus of helix,No prominent ear abnormality,Head & Neck,"Taylor LA, Lewis VL Jr"
images/PMC11297479_ijspt_2024_19_8_120900_235380.jpg,Which joint is most at risk for hyperextension?,Right tibiofemoral (knee) joint,Right radiocarpal (wrist) joint,Right glenohumeral (shoulder) joint,Right humeroulnar (elbow) joint,Left talocrural (ankle) joint,Right radiocarpal (wrist) joint,Trunk & Extremities,"Corbitt AD, Bandy WD"
images/PMC11297479_ijspt_2024_19_8_120900_235380.jpg,Which mechanism of upper-extremity injury is depicted?,Fall onto an outstretched hand with the wrist extended (FOOSH),Ground-level fall with no significant upper-extremity impact,Forward fall with direct impact onto a flexed elbow,Fall onto an outstretched hand with the wrist flexed (palmar-flexion FOOSH),Axial load through the shoulder from collapse out of a handstand/cartwheel,Fall onto an outstretched hand with the wrist extended (FOOSH),Trunk & Extremities,"Corbitt AD, Bandy WD"
images/PMC7891349_JOCD-20-506-g001.jpg,Which foot region is indicated by the green circles?,Lateral forefoot at the fifth metatarsal head,Plantar pulp inferior to the 5th toe (little toe),Plantar pad/ball beneath the great toe (first metatarsal head),Medial arch at the navicular tuberosity just distal to the medial malleolus,Plantar pad beneath the second toe (second metatarsal head),Plantar pulp inferior to the 5th toe (little toe),Trunk & Extremities,"Zorman A, Koron N"
images/PMC7891349_JOCD-20-506-g001.jpg,What finding is marked on the foot?,Onychomycosis,No abnormality in the marked area,Plantar wart,Blister,Tinea pedis,Plantar wart,Trunk & Extremities,"Zorman A, Koron N"
images/PMC5400136_10.1177_2325967117700599-fig5.jpg,"In subfigure B, how is weight distributed between the legs?",Mild left‑biased weightbearing (~60:40 left:right),Apparent midline centering with subtle trunk lean left increasing left‑leg load,Symmetrical weightbearing,Mild right‑biased weightbearing (~60:40 right:left),,Symmetrical weightbearing,Trunk & Extremities,"Graziano J, Chiaia T, de Mille P, Nawabi DH, Green DW, Cordasco FA"
images/PMC5400136_10.1177_2325967117700599-fig5.jpg,"In subfigure A, which side bears more weight during the squat?",Athlete's left leg (viewer's right),No discernible asymmetry (apparent trunk lean only),Athlete's right leg (viewer's left),Greater load on the operative limb (athlete's right),Evenly distributed between both legs,Athlete's left leg (viewer's right),Trunk & Extremities,"Graziano J, Chiaia T, de Mille P, Nawabi DH, Green DW, Cordasco FA"
images/PMC9897012_ijspt_2023_18_1_67988_135347.jpg,What posture is the runner demonstrating at the cone?,"Split-stance lunge at the cone with the front knee advanced and rear heel lifted, torso vertical","Tall lateral shuffle posture with upright trunk, hips extended, hands away from the cone",Paused standing ready position with feet parallel under hips and arms at sides,"Low athletic crouch with hips and knees flexed, trunk hinged forward, hand reaching to tag the cone","Mid-turn upright sprint stance with nearly straight knees, hand swinging past the cone without tagging","Low athletic crouch with hips and knees flexed, trunk hinged forward, hand reaching to tag the cone",Trunk & Extremities,"Wilk K, Thomas ZM, Arrigo CA, Davies GJ"
images/PMC9897012_ijspt_2023_18_1_67988_135347.jpg,Which equipment marks the change-of-direction points?,White floor tape X marks,Blue cones by the wall,Orange cones,Red cones,,Orange cones,Other,"Wilk K, Thomas ZM, Arrigo CA, Davies GJ"
images/PMC4439693_JPBS-7-282-g007.jpg,Which statement best describes the gingiva around the restorations?,"Healthy, coral-pink, stippled gingiva with no marginal inflammation",Mild marginal erythema along the crown margins with preserved papillary height and no obvious recession,Early (approximately 1–2 mm) gingival recession on the maxillary anterior teeth with CEJ/root exposure,"Cratered, ulcerated interdental papillae consistent with necrotizing gingivitis",,Mild marginal erythema along the crown margins with preserved papillary height and no obvious recession,Mouth & Jaws,"Nayar S, Aruna U, Bhat WM"
images/PMC4439693_JPBS-7-282-g007.jpg,What is the most likely explanation for the finding on the maxillary right lateral incisor?,Cervical external resorption defect with surface staining,Screw access channel of a screw-retained implant crown,Composite attachment used for clear aligner therapy,Labial exposure of a metal coping from a porcelain-fused-to-metal crown,Residual bracket base from previous orthodontic treatment,Screw access channel of a screw-retained implant crown,Mouth & Jaws,"Nayar S, Aruna U, Bhat WM"
images/PMC11097739_10.1177_11779322241231108-fig7.jpg,Which colored dot marks the knee joint center?,White dot near the hip on the proximal thigh,Blue ring at the knee joint,White dot near the ankle on the distal shank,Blue circle on the face/head,,Blue ring at the knee joint,Trunk & Extremities,"Ali MM, Medhat Hassan M, Zaki M"
images/PMC11097739_10.1177_11779322241231108-fig7.jpg,Which limb segment is indicated by the green vector 'a'?,Mechanical axis of the lower limb (hip to ankle),Thigh segment (hip to knee),Shank/lower leg segment (knee to ankle),Pelvis segment (ASIS to hip joint),,Thigh segment (hip to knee),Trunk & Extremities,"Ali MM, Medhat Hassan M, Zaki M"
images/PMC5536209_cm-90-294f2f.jpg,Which structure projects most anteriorly on this profile?,Soft-tissue pogonion (chin),Columella apex,Labrale superius (upper lip),Pronasale (nasal tip),Labrale inferius (lower lip),Pronasale (nasal tip),Head & Neck,El-Sabbagh AH
images/PMC5536209_cm-90-294f2f.jpg,How does chin projection compare to the lower lip?,Slightly retruded relative to the lower lip (about 1–2 mm posterior),Markedly more prominent than the lower lip (≥4 mm anterior),Nearly equal projection to the lower lip (no meaningful offset),Slightly more prominent than the lower lip (about 1–2 mm anterior),,Slightly retruded relative to the lower lip (about 1–2 mm posterior),Mouth & Jaws,El-Sabbagh AH
images/PMC5856037_rmhp-11-035Fig1.jpg,Which nearby object suggests lead or acid exposure?,Large blue water bottle,Alternator housing,Tree stump,Oil-soaked cloth mat,Car battery with corroded terminals,Car battery with corroded terminals,Other,"Ataro Z, Geremew A, Urgessa F"
images/PMC5856037_rmhp-11-035Fig1.jpg,Which personal protective equipment is missing from the worker’s hands?,Steel-toe boots,Wrist guards,Work gloves,Cut-resistant sleeves,,Work gloves,Trunk & Extremities,"Ataro Z, Geremew A, Urgessa F"
images/PMC8855428_10.1177_25158414211059247-fig5.jpg,Between which two structures is the measured gap taken in this maneuver?,Posterior margin of the upper eyelid and the bulbar conjunctiva,Anterior margin of the upper eyelid and the palpebral conjunctiva,Upper lash line and corneal apex,Upper eyelid margin and superior limbus,Posterior tarsal border of the lower eyelid and the bulbar conjunctiva,Posterior margin of the upper eyelid and the bulbar conjunctiva,Eyes,"De Gregorio A, Cerini A, Scala A, Lambiase A, Pedrotti E, Morselli S"
images/PMC3371544_IJD-57-247-g004.jpg,Which description best matches the appearance of the patient’s fingers and hands?,Pitting edema of the fingers with palmar erythema and thin tapered digits,"Warm, moist palms with a fine postural tremor","Doughy, nonpitting swelling of the fingers with coarse, dry skin",Clubbing with increased nail curvature and a spongy nail bed,,"Doughy, nonpitting swelling of the fingers with coarse, dry skin",Trunk & Extremities,Puri N
images/PMC3371544_IJD-57-247-g004.jpg,Which endocrine condition best explains the puffy face and coarse facial features?,Hyperthyroidism with pretibial myxedema (Graves disease),Primary hypothyroidism (myxedema facies),Cushing syndrome (glucocorticoid excess) causing moon facies,Acromegaly (growth hormone excess) with macroglossia,,Primary hypothyroidism (myxedema facies),Head & Neck,Puri N
images/PMC4064241_IJO-62-515-g004.jpg,"If the inferior rectus were entrapped, what finding would be expected on upward gaze?",The affected eye would overshoot upward on upgaze due to inferior oblique overaction,Both eyes would elevate symmetrically because the superior recti compensate for a trapped depressor,"Elevation would be limited only in adduction with normal elevation in abduction, as in inferior oblique palsy","The affected eye would fail to elevate, creating a vertical misalignment on upgaze",,"The affected eye would fail to elevate, creating a vertical misalignment on upgaze",Eyes,"Selvakumar A, Mahalaxmi B, Ananth V, Gautam C"
images/PMC4064241_IJO-62-515-g004.jpg,Which extraocular muscle movements are abnormal?,Upgaze (supraduction),Normal extraocular movements,Primary gaze (straight ahead),Downgaze (infraduction),,Normal extraocular movements,Eyes,"Selvakumar A, Mahalaxmi B, Ananth V, Gautam C"
images/PMC4174163_gox-1-e46-g011.jpg,This posterior neck appearance is most consistent with which condition?,Down syndrome (Trisomy 21) with nuchal thickening,Normal posterior neck variant (no abnormality),Klippel–Feil syndrome (congenital cervical fusion),Congenital lymphedema from cystic hygroma,"Turner syndrome (45,X)","Turner syndrome (45,X)",Head & Neck,"Chaput B, Chavoin JP, Lopez R, Meresse T, Nadon F, Herlin C, Garrido I, Grolleau JL"
images/PMC4174163_gox-1-e46-g011.jpg,What neck abnormality is visible in this child viewed from behind?,Left-sided torticollis from sternocleidomastoid spasm,No visible neck abnormality on posterior inspection,Low posterior hairline consistent with Klippel–Feil anomaly,Dorsocervical fat pad (buffalo hump),Webbed neck (pterygium colli),Webbed neck (pterygium colli),Head & Neck,"Chaput B, Chavoin JP, Lopez R, Meresse T, Nadon F, Herlin C, Garrido I, Grolleau JL"
images/PMC8168984_ijspt_2021_16_3_24150_61110.jpg,"In the right subfigure, what primary movement pattern is demonstrated as the torso leans forward?",Hip hinge with hip flexion on the stance side,Hip hinge driven by flexion of the swing (non–stance) hip,Knee-dominant squat with deep knee flexion of the stance limb,Closed-chain ankle dorsiflexion with partial heel lift causing the forward lean,Forward trunk flexion from lumbar spine rounding,Hip hinge with hip flexion on the stance side,Trunk & Extremities,"Sørensen B, Aagaard P, Malchow-Møller L, Kreutzfeldt Zebis M, Bencke J"
images/PMC8168984_ijspt_2021_16_3_24150_61110.jpg,"In the right subfigure, what is the spinal position?",Lumbar hyperextension with anterior pelvic tilt (over-arched lower back),Mild lumbar flexion with thoracic kyphosis (rounded hinge),Lateral bending to the left toward the elevated leg,Lateral bending to the right toward the stance leg,"Neutral, with a straight line from head to sacrum","Neutral, with a straight line from head to sacrum",Trunk & Extremities,"Sørensen B, Aagaard P, Malchow-Møller L, Kreutzfeldt Zebis M, Bencke J"
images/PMC6128326_gr7b.jpg,Which landmark in this image is used to orient head position for profile assessment?,Preauricular skin crease,Superior helix of the auricle,Tragus/external auditory meatus (porion) region,Angle of the mandible (gonion),Mastoid process posterior to the auricle,Tragus/external auditory meatus (porion) region,Head & Neck,"Singh H, Kapoor P, Sharma P, Maurya RK, Mittal T"
images/PMC6128326_gr7b.jpg,Which aspect of facial morphology is best assessed in this image?,Sagittal facial profile,Transverse facial asymmetry and occlusal plane cant,Vertical facial thirds (frontal proportions),Intraoral dental caries and occlusal relationship,,Sagittal facial profile,Mouth & Jaws,"Singh H, Kapoor P, Sharma P, Maurya RK, Mittal T"
images/PMC7008639_CCID-13-127-g0003.jpg,Which muscle is segmented by the vertical grid lines across the forehead?,Procerus,Orbicularis oculi (superior portion),Frontalis,Corrugator supercilii,Galea aponeurotica,Frontalis,Head & Neck,de Sanctis Pecora C
images/PMC7008639_CCID-13-127-g0003.jpg,Which side of the face has a higher brow arch?,Cannot be determined due to head tilt/parallax,Patient's left (image right) brow arch is higher,Arches are symmetric,Patient's right (image left) brow arch is higher,,Patient's right (image left) brow arch is higher,Eyes,de Sanctis Pecora C
images/PMC8435881_CCID-14-1175-g0014.jpg,"Compared with the left subfigure, what change is visible in the cervicomental transition in the right subfigure?","Sharper, more acute cervicomental angle with cleaner submental contour",Blunter cervicomental angle with more fullness under the chin,Slightly more obtuse cervicomental angle secondary to chin retrusion,No appreciable change in the cervicomental angle,,"Sharper, more acute cervicomental angle with cleaner submental contour",Head & Neck,"van Loghem J, Sattler S, Casabona G, Cotofana S, Fabi SG, Goldie K, Gout U, Kerscher M, Lim TS, de Sanctis Pecora C, Sattler G, Trindade de Almeida A, Wanitphakdeedecha R, Werschler P, Pavicic T"
images/PMC8435881_CCID-14-1175-g0014.jpg,Which subfigure most likely shows the post-treatment lengthened chin?,Left subfigure (apparent elongation from neck posture/camera angle),Neither - both appear pre-treatment with similar chin length,Indeterminate due to projection differences,Right subfigure (true post-treatment increase in vertical chin length),,Right subfigure (true post-treatment increase in vertical chin length),Mouth & Jaws,"van Loghem J, Sattler S, Casabona G, Cotofana S, Fabi SG, Goldie K, Gout U, Kerscher M, Lim TS, de Sanctis Pecora C, Sattler G, Trindade de Almeida A, Wanitphakdeedecha R, Werschler P, Pavicic T"
images/PMC8547668_MEAJO-28-140-g001.jpg,Which finding is absent in the visible portion of the eye?,Sectoral nasal injection of superficial vessels,Central corneal opacity,Prominent episcleral vascular engorgement,Medial bulbar conjunctival hyperemia,,Central corneal opacity,Eyes,"Alnahdi MA, Alasiri AA, Aldebasi TM"
images/PMC8547668_MEAJO-28-140-g001.jpg,Which eye and region show the most prominent hyperemia?,"Left eye, nasal (medial) conjunctiva and episclera","Left eye, temporal (lateral) bulbar conjunctiva","Right eye, temporal (lateral) conjunctiva","Right eye, nasal (medial) conjunctiva","No focal hyperemia, diffuse bilateral injection","Left eye, nasal (medial) conjunctiva and episclera",Eyes,"Alnahdi MA, Alasiri AA, Aldebasi TM"
images/PMC6399765_10.1177_2325967119828953-fig3.jpg,Which phase of the movement is captured in the image?,Left foot initial contact/loading response,Right foot initial contact/loading response immediately after the hop,Right foot toe-off initiating the hop,Static single-leg stance on the right after stabilization,Right foot terminal landing at peak knee flexion (late loading),Right foot initial contact/loading response immediately after the hop,Trunk & Extremities,"Saper MG, Fantozzi P, Bompadre V, Racicot M, Schmale GA"
images/PMC6399765_10.1177_2325967119828953-fig3.jpg,How is the weight-bearing knee aligned relative to the foot?,Varus alignment with the knee tracking over the lateral border of the foot,Neutral tracking over the second toe,Mild valgus visually present but effectively neutral due to foot abduction,Hyperextension with the knee stacked over the ankle,Dynamic valgus collapse toward the midline (knee diving over the medial foot),Neutral tracking over the second toe,Trunk & Extremities,"Saper MG, Fantozzi P, Bompadre V, Racicot M, Schmale GA"
images/PMC11412701_gox-12-e6190-g005.jpg,"Which panel shows a sharper, more continuous jawline contour from the chin to the angle of the mandible?",Left panel (pre-treatment): straighter mandibular border from chin to angle,"Right panel only anteriorly (chin to midbody), angle remains indistinct",Right panel (1 year after treatment): more continuous jawline without jowl break,"Both panels: equivalent contour, differences due to lighting",Neither panel: contour interrupted along pre-jowl region in both,Right panel (1 year after treatment): more continuous jawline without jowl break,Mouth & Jaws,"Braz A, de Paula Eduardo CC, Pierce A, Grond A, Kutikov A, Nakab L"
images/PMC11412701_gox-12-e6190-g005.jpg,Which description best fits the cervicomental (chin-to-neck) angle in the right panel?,More defined and acute angle,No appreciable angle with chin–neck contour appearing continuous,More acute but poorly defined due to platysmal banding,Less acute than in the left (pre-treatment) panel,Slightly more obtuse and blunted angle with residual submental fullness,More defined and acute angle,Head & Neck,"Braz A, de Paula Eduardo CC, Pierce A, Grond A, Kutikov A, Nakab L"
images/PMC5745378_ejtm-27-4-7110-g005.jpg,"In both subfigures, which muscle group are the surface electrodes primarily placed over?",Hamstrings (posterior thigh flexors),Tensor fasciae latae/iliotibial band (lateral thigh),Tibialis anterior (anterior leg),Adductor group (medial thigh),Quadriceps (knee extensors of the anterior thigh),Quadriceps (knee extensors of the anterior thigh),Trunk & Extremities,"Metani A, Popović-Maneski L, Mateo S, Lemahieu L, Bergeron V"
images/PMC5745378_ejtm-27-4-7110-g005.jpg,Which subfigure shows a high-density electrode array with multiple small electrodes and multicolored leads?,Both subfigures,Neither subfigure,Left subfigure,Right subfigure,,Right subfigure,Trunk & Extremities,"Metani A, Popović-Maneski L, Mateo S, Lemahieu L, Bergeron V"
images/PMC7489740_gox-8-e2947-g006.jpg,Which anatomic area is most assessable in this view for evaluating contour after facial rejuvenation?,Preauricular–temporal hairline region around facelift incisions,Nasal dorsum and tip profile,Submental/submandibular and anterior cervical contour,Lateral neck including the sternocleidomastoid borders,,Submental/submandibular and anterior cervical contour,Head & Neck,"Skouras GA, Skouras AG, Skoura EA"
images/PMC7489740_gox-8-e2947-g006.jpg,Which feature limits visualization of facelift incision lines near the ears?,"Curly, voluminous hair draping over the periauricular areas",Postoperative ear compression dressings covering the lobules and tragus,Large chandelier earrings masking the preauricular creases,Harsh overhead lighting casting deep shadows along the lateral face,,"Curly, voluminous hair draping over the periauricular areas",Surgical & Procedural,"Skouras GA, Skouras AG, Skoura EA"
images/PMC11458240_JOCR-14-102-g007.jpg,This arm position most closely corresponds to which clinical test posture?,O’Brien active compression test,Anterior shoulder apprehension test,External rotation lag sign (arm at side),Jobe relocation test (supine),,Anterior shoulder apprehension test,Trunk & Extremities,"Saraf A, Kumar SK"
images/PMC11458240_JOCR-14-102-g007.jpg,Which shoulder movement is shown?,Abduction with internal rotation,Abduction with external rotation,Flexion with external rotation,External rotation with the arm adducted at the side,Scaption (elevation in the scapular plane) with external rotation,Abduction with external rotation,Trunk & Extremities,"Saraf A, Kumar SK"
images/PMC7869951_500554_1_En_7_Fig2_HTML.jpg,Which movement plane predominantly describes the torso and raised arm in this pose?,Frontal plane lateral flexion of the trunk with shoulder abduction of the raised arm,Transverse plane axial rotation predominates with the arm in horizontal abduction,Sagittal plane hyperextension of the trunk with the arm in extension overhead,Sagittal plane forward flexion of the trunk with the arm in shoulder flexion,Frontal plane lateral flexion of the trunk with shoulder adduction of the raised arm,Transverse plane axial rotation predominates with the arm in horizontal abduction,Trunk & Extremities,Fitzgerald (née Ng) SHM
images/PMC7869951_500554_1_En_7_Fig2_HTML.jpg,What is the wrist position of the hand on the floor?,Neutral wrist with palm tented and weight through fingertips,Wrist in slight flexion with knuckles contacting the mat,Wrist in extension with palm flat and fingers splayed,Wrist in ulnar deviation with little-finger side loaded,Wrist in radial deviation with thumb side pressed into the mat,Wrist in extension with palm flat and fingers splayed,Trunk & Extremities,Fitzgerald (née Ng) SHM
images/PMC6047960_jpts-30-952-g003.jpg,"In subfigure A, to which side is the head shifted relative to the central vertical line?",Leftward tilt without true lateral translation,Left (as it appears on the image to the viewer),No lateral shift,Right (patient’s right),,Right (patient’s right),Head & Neck,"Oakley PA, Harrison DE"
images/PMC6047960_jpts-30-952-g003.jpg,Which subfigure shows the head more centered over the torso?,B - head more centered over the torso midline,A - appears more midline than B,Both - essentially equally centered when tilt is considered,Neither - both show rightward head shift relative to the torso,,B - head more centered over the torso midline,Head & Neck,"Oakley PA, Harrison DE"
images/PMC9528722_ijspt_2022_17_6_38168_99781.jpg,"During forearm supination, the red line across the upper arm is used to prevent which compensatory movement?",Shoulder horizontal abduction,Glenohumeral abduction,Humeral internal rotation,Humeral external rotation,Scapular upward rotation,Humeral external rotation,Trunk & Extremities,"Piraino AB, Davis BM"
images/PMC9528722_ijspt_2022_17_6_38168_99781.jpg,Which joint complex is being trained to move independently of the shoulder?,Radiocarpal (wrist) joint,Distal radioulnar joint only,Humeroradial joint (elbow),Proximal and distal radioulnar joints,Glenohumeral joint (shoulder),Proximal and distal radioulnar joints,Trunk & Extremities,"Piraino AB, Davis BM"
images/PMC6147841_asm-6-469f2.jpg,Which reconstructive goal is most likely to be relevant to this patient's ear?,Tragal reconstruction to define the anterior notch,Reconstruction of the lobule (inferior auricular rim),Conchal bowl reduction to decrease auricular projection,Otoplasty with Mustarde sutures to reduce prominence,,Reconstruction of the lobule (inferior auricular rim),Head & Neck,Cherian MP
images/PMC6147841_asm-6-469f2.jpg,Which auricular structure is absent?,Antitragus,Superior crus of antihelix,Helical tail (cauda helicis),Earlobe (lobule),Tragus,Earlobe (lobule),Head & Neck,Cherian MP
images/PMC4279047_jap-6-483-g003.jpg,Which ear landmark is the posterior endpoint of the line shown?,Concha,Antitragus,Intertragic notch,Tragus,External acoustic meatus,Tragus,Head & Neck,"Woelfel JB, Igarashi T, Dong JK"
images/PMC4279047_jap-6-483-g003.jpg,The short line near the ear should be what relative to the instrument protruding from the mouth?,Intersecting the instrument at about 30–45°,Nearly parallel with a slight superior tilt toward the tragus (~5°),Strictly parallel to the protruding instrument along its length,"Perpendicular, forming a right angle to the instrument",,Strictly parallel to the protruding instrument along its length,Mouth & Jaws,"Woelfel JB, Igarashi T, Dong JK"
images/PMC4579181_aps-42-640-g001.jpg,What nasal contour abnormality is most evident on this frontal view?,Mid-dorsal saddle deformity,Supratip depression,Supratip fullness (pollybeak),No focal nasal contour abnormality on frontal view,Infratip depression,Supratip depression,Head & Neck,"Karacor-Altuntas Z, Dündar MA, Dadaci M, Ince B"
images/PMC4579181_aps-42-640-g001.jpg,"Relative to the nasal tip, where is the contour defect located?",Immediately cephalad to the tip (supratip area),At the radix near the nasofrontal angle,Over the midvault at the supra-alar region,Along the columella inferior to the tip,At the infratip lobule just caudal to the tip,Immediately cephalad to the tip (supratip area),Head & Neck,"Karacor-Altuntas Z, Dündar MA, Dadaci M, Ince B"
images/PMC3199843_CTO-06-03-g-008.jpg,The patient underwent bilateral otopexia. Which side would most likely benefit from revision otopexia based on this image?,"Right auricle (patient's right, observer's left in the photo)",No clinically significant asymmetry - no revision needed,Bilateral recurrence - revise both sides,"Left auricle (patient's left, observer's right in the photo)",,"Left auricle (patient's left, observer's right in the photo)",Head & Neck,"Staindl O, Siedek V"
images/PMC3199843_CTO-06-03-g-008.jpg,The patient underwent bilateral otopexia. Which postoperative issue is most evident after ear pinning surgery?,Bilateral overcorrection with ears too close to the scalp,Recurrent prominence of the left auricle (loss of otopexy),Recurrent prominence of the right auricle,Acute postauricular hematoma on the left,No clear postoperative abnormality (apparent asymmetry from camera angle),Recurrent prominence of the left auricle (loss of otopexy),Head & Neck,"Staindl O, Siedek V"
images/PMC7852437_IJA-64-1077-g002.jpg,What best describes the upper eyelid position in both eyes?,Symmetric elevation without ptosis (MRD1 ~4 mm bilaterally),Left upper eyelid retraction (left MRD1 > right),Trace right-sided ptosis (right MRD1 < left),Bilateral mild ptosis,Normal right eyelid with subtle left-sided ptosis,Symmetric elevation without ptosis (MRD1 ~4 mm bilaterally),Eyes,"Situ S, Gupta P, Thirunavukkarasu M, Chaudhary G"
images/PMC7852437_IJA-64-1077-g002.jpg,Where is the upper eyelid margin relative to the superior limbus in each eye?,Approximately 0–2 mm above the superior limbus in the left eye and at the limbus in the right,At the level of the superior limbus bilaterally,Approximately 0–2 mm above the superior limbus in the right eye and at the limbus in the left,Approximately 0–2 mm below the superior limbus bilaterally,,Approximately 0–2 mm below the superior limbus bilaterally,Eyes,"Situ S, Gupta P, Thirunavukkarasu M, Chaudhary G"
images/PMC10497337_10-1055-s-0042-1759692-i21121549-14.jpg,Which point marks the ideal brow apex vertically above the lateral limbus of the iris?,B,D,E,C,,E,Eyes,"Asokan A, Sudheendran MK, Mohandas M, George PS, Nair RM"
images/PMC10497337_10-1055-s-0042-1759692-i21121549-14.jpg,Which letter corresponds to the lateral limbus of the iris?,E,D,A,B,C,D,Eyes,"Asokan A, Sudheendran MK, Mohandas M, George PS, Nair RM"
images/PMC9528716_ijspt_2022_17_6_38327_99848.jpg,Which cervical motion is the person performing?,Right lateral flexion,Cervical protraction (upper cervical extension with lower cervical flexion),Cervical extension,Cervical flexion (chin tuck/retraction),,Cervical extension,Head & Neck,"Waring KM, Smith ER, Austin GP, Bowman TG"
images/PMC9528716_ijspt_2022_17_6_38327_99848.jpg,"If relaxed against the elastic resistance, which head motion would most likely occur?",Left axial rotation,Cervical extension,Right lateral flexion,Upper cervical flexion (chin-nod),Cervical flexion,Cervical flexion,Head & Neck,"Waring KM, Smith ER, Austin GP, Bowman TG"
images/PMC6924766_bmjopen-2019-031375f01.jpg,"What prior procedure is most consistent with the two round, well-defined scalp depressions seen?",Left fronto-parietal burr-hole trepanations for chronic subdural haematoma evacuation,Twist-drill craniostomies for ventriculoperitoneal shunt catheter placement posterior to the ear,Mayfield skull clamp pin sites from craniotomy positioning,Bilateral burr-hole trepanations for chronic subdural haematoma evacuation,Ommaya reservoir placement with subsequent removal,Left fronto-parietal burr-hole trepanations for chronic subdural haematoma evacuation,Head & Neck,"Stienen MN, Akeret K, Vasella F, Velz J, Jehli E, Scheffler P, Voglis S, Bichsel O, Smoll NR, Bozinov O, Regli L, Germans MR"
images/PMC6924766_bmjopen-2019-031375f01.jpg,Which description best characterizes the contour abnormality shown?,"Multiple firm, dome-shaped nodules causing convex contour irregularities (e.g., osteomas)","Diffuse, fluctuant subgaleal fullness compatible with postoperative hematoma/seroma","Linear, slightly elevated hypertrophic scar aligned with a surgical incision",No focal defects—appearance due to generalized scalp atrophy and alopecia,"Two round, concave scalp depressions overlying the skull at prior burr‑hole sites","Two round, concave scalp depressions overlying the skull at prior burr‑hole sites",Skin & Hair,"Stienen MN, Akeret K, Vasella F, Velz J, Jehli E, Scheffler P, Voglis S, Bichsel O, Smoll NR, Bozinov O, Regli L, Germans MR"
images/PMC6446028_aps-2018-00717f5.jpg,"In subfigure B, which side shows reduced elevation of the oral commissure?",Both sides equally,No appreciable asymmetry at the oral commissures,"Subtle bilateral reduction, slightly greater on the right","Right side (patient’s right, viewer’s left)","Left side (patient’s left, viewer’s right)","Left side (patient’s left, viewer’s right)",Mouth & Jaws,"Oh TS, Kim HB, Choi JW, Jeong WS"
images/PMC6446028_aps-2018-00717f5.jpg,"Comparing the preoperative (B) and postoperative (D) smiles, what change is most evident?",Increased symmetry from greater elevation of the left oral commissure,Apparent overcorrection with higher right commissure and new asymmetry,No appreciable change,Worsened asymmetry with greater left-sided droop,Bilateral reduction in excursion during smiling,Increased symmetry from greater elevation of the left oral commissure,Mouth & Jaws,"Oh TS, Kim HB, Choi JW, Jeong WS"
images/PMC10367283_ijcpd-16-522-g010.jpg,What material is visible on the occlusal surfaces of the posterior teeth?,Pit-and-fissure sealant,Preventive resin restoration (flowable composite in occlusal grooves),Fluoride varnish coating,Glass ionomer restorative material on occlusal surfaces,,Pit-and-fissure sealant,Mouth & Jaws,"Thimmegowda U, Chikkanarasaiah N, Athira P, Krishnamurthy NH"
images/PMC10367283_ijcpd-16-522-g010.jpg,Which lower left teeth show sealant on their occlusal surfaces?,Second premolar and first molar only,First molar and second molar,First premolar and first molar only,"First premolar, second premolar, and first molar","First premolar, second premolar, and second molar","First premolar, second premolar, and first molar",Mouth & Jaws,"Thimmegowda U, Chikkanarasaiah N, Athira P, Krishnamurthy NH"
images/PMC6811945_ijcpd-12-165-g020.jpg,What abnormality is present in the anterior maxilla?,Separated premaxillary segment consistent with an anterior alveolar cleft status post surgical repair,Post-extraction anterior ridge resorption with localized gingival hyperplasia but no bony discontinuity,Torus palatinus along the midline of the hard palate with an otherwise continuous alveolar ridge,Left-sided Le Fort I fracture step-off of the anterior maxilla without clefting,,Separated premaxillary segment consistent with an anterior alveolar cleft status post surgical repair,Mouth & Jaws,"Joybell C, Krishnan R, Kumar S"
images/PMC6811945_ijcpd-12-165-g020.jpg,Where is the most prominent gap in the teeth from the patient's perspective?,Top right,Top left,Bottom left,Both top and bottom areas have missing teeth,Bottom right,Top left,Mouth & Jaws,"Joybell C, Krishnan R, Kumar S"
images/PMC11003818_rkae022f8.jpg,"Bottom row, fourth panel: Which exercise is shown and why is it appropriate?","Prone hamstring curl—strengthens the hamstrings with the hip near neutral, reducing compressive load at the ischial tuberosity","Seated leg curl—hips flexed to isolate the hamstrings, a safer alternative than hip‑hinge exercises in early rehab",Romanian deadlift—hip‑hinge pattern that minimizes knee bend to load the hamstrings without increasing ischial compression,Nordic hamstring curl—eccentric knee flexor work performed with marked hip flexion to protect the proximal tendon,,"Prone hamstring curl—strengthens the hamstrings with the hip near neutral, reducing compressive load at the ischial tuberosity",Trunk & Extremities,"Grimaldi A, Mellor R, Nasser A, Vicenzino B, Hunter DJ"
images/PMC11003818_rkae022f8.jpg,"Top row, far-right panel (orange X): Which joint position is problematic for proximal hamstring symptoms?",Hip flexion with knee extension,Hip extension with knee flexion,Hip flexion with knee flexion,Hip extension with knee extension,,Hip flexion with knee extension,Trunk & Extremities,"Grimaldi A, Mellor R, Nasser A, Vicenzino B, Hunter DJ"
images/PMC5536209_cm-90-294f2h.jpg,"From this view, what finding can be assessed?",The transverse width of the nasal base and the medial canthal region.,The vertical height proportion of the lower face relative to the middle face.,The anteroposterior protrusion of the lips and the measurement of the nasolabial angle.,The interincisal angle (the angle formed by the long axes of the upper and lower central incisor teeth).,,The anteroposterior protrusion of the lips and the measurement of the nasolabial angle.,Eyes,El-Sabbagh AH
images/PMC5536209_cm-90-294f2h.jpg,Which statement best describes the soft-tissue contour of the right cheek/jaw region?,Nodular hypertrophic scar/keloid causing outward protrusion over the right masseter region,Subtle concavity/step-off at the right mandibular angle suggesting localized volume loss,"Minimal diffuse fullness of the right cheek without a discrete mass, compatible with mild edema","Smooth, uninterrupted right cheek–mandibular contour without focal bulge or depression",,"Smooth, uninterrupted right cheek–mandibular contour without focal bulge or depression",Head & Neck,El-Sabbagh AH
images/PMC5908503_gox-6-e1615-g006.jpg,"In a right three-quarter view, which nasal region is best evaluated?","Columella, alar base, and nostril sill",Radix and nasofrontal angle,Nasal tip‑defining points and supratip break,Nasal dorsum and middle vault,,Nasal dorsum and middle vault,Head & Neck,"Paul MA, Kamali P, Chen AD, Ibrahim AMS, Wu W, Becherer BE, Medin C, Lin SJ"
images/PMC5908503_gox-6-e1615-g006.jpg,What facial orientation is used in both subfigures?,Right true lateral (profile) view,Anteroposterior (frontal) view,Left three-quarter view,Right three-quarter view,,Right three-quarter view,Head & Neck,"Paul MA, Kamali P, Chen AD, Ibrahim AMS, Wu W, Becherer BE, Medin C, Lin SJ"
images/PMC7008622_JIPS-20-110-g001.jpg,"In this orientation, which nasal feature can be judged most directly?",Dorsal hump prominence in profile view,Internal nasal valve narrowing at rest,Width of the nasal bridge,Columellar show on basal view,,Width of the nasal bridge,Head & Neck,"Lanzara R, Viswambaran M, Gopi A"
images/PMC7008622_JIPS-20-110-g001.jpg,Which assessment is best supported by this frontal view?,Palatal vault depth assessment,Maxillary sagittal deficiency grading,Nasal tip projection profiling,Cervical spine coronal alignment screening,Facial symmetry evaluation,Facial symmetry evaluation,Head & Neck,"Lanzara R, Viswambaran M, Gopi A"
images/PMC4531019_imcrj-8-159Fig3.jpg,What is the distribution of the soft-tissue nodules?,Single isolated mass limited to one finger,Bilateral but limited to one digit per hand,"Bilateral, multifocal nodules involving several digits on both hands",Unilateral involvement confined to the left hand,Diffuse swelling without discrete nodules,"Bilateral, multifocal nodules involving several digits on both hands",Trunk & Extremities,"Vanikieti K, Preechawat P, Poonyathalang A"
images/PMC4531019_imcrj-8-159Fig3.jpg,Which diagnosis is most consistent with the hand findings?,Multiple plexiform neurofibromas involving digital nerves,Knuckle pads (Garrod nodules) from repetitive microtrauma,Digital mucous cysts adjacent to the DIP joints,Tophaceous gout affecting the extensor surfaces,Heberden nodes due to osteoarthritis of the DIP joints,Multiple plexiform neurofibromas involving digital nerves,Trunk & Extremities,"Vanikieti K, Preechawat P, Poonyathalang A"
images/PMC5379827_EJD-11-130-g004.jpg,Which orbit do these views best evaluate for a defect?,Left orbit (mirror-image interpretation of photographs),Both orbits equally (frontal view predominates),Right orbit,Neither—the views primarily assess the nasal septum and midface,,Right orbit,Eyes,"Jamayet NB, Kirangi JK, Husein A, Alam MK"
images/PMC5379827_EJD-11-130-g004.jpg,"In subfigure b, which facial contour is best emphasized by the view?",Medial orbital rim (frontoethmoidal region),Nasal bridge (nasion),Zygomatic arch (malar eminence),Infraorbital rim (maxillary margin),Right lateral orbital rim,Right lateral orbital rim,Head & Neck,"Jamayet NB, Kirangi JK, Husein A, Alam MK"
images/PMC4555620_10.1177_2325967114522184-fig2.jpg,Which cervical alignment is evident in the defender?,Neutral alignment with chin tuck,Mild hyperextension with contralateral lateral flexion,Forward flexion with pure axial rotation (no side bending),Forward flexion with slight side bending,Loss of lordosis without appreciable coronal tilt,Forward flexion with slight side bending,Head & Neck,"Scoggin JF 3rd, Brusovanik G, Izuka BH, Zandee van Rilland E, Geling O, Tokumura S"
images/PMC4555620_10.1177_2325967114522184-fig2.jpg,Which person is receiving the choke?,It cannot be determined from a single still image,The kneeling practitioner wearing a purple belt with his head and arm inside the leg triangle,Both athletes are experiencing comparable choke pressure in this position,The supine practitioner whose legs are locked around the opponent’s neck and arm,,The kneeling practitioner wearing a purple belt with his head and arm inside the leg triangle,Head & Neck,"Scoggin JF 3rd, Brusovanik G, Izuka BH, Zandee van Rilland E, Geling O, Tokumura S"
images/PMC8016443_ijspt_2021_16_2_21140_53770.jpg,Which leg is airborne in the picture shown?,"Neither, he is still in single-leg stance on the left",Left leg (subject’s swing limb),Both legs (captured mid-flight),Right leg (subject’s swing limb),,Left leg (subject’s swing limb),Trunk & Extremities,"Ebert JR, Du Preez L, Furzer B, Edwards P, Joss B"
images/PMC8016443_ijspt_2021_16_2_21140_53770.jpg,What ground marker is used to measure hop distance?,Chalk lines drawn on the floor,Two cones spaced at equal intervals,A painted sideline used as the reference,A taped measuring strip laid on the turf,,A taped measuring strip laid on the turf,Trunk & Extremities,"Ebert JR, Du Preez L, Furzer B, Edwards P, Joss B"
images/PMC4507484_ccid-8-361Fig3.jpg,What closure technique is suggested by hair growing directly through a thin linear scalp scar?,Trichophytic closure,Z-plasty across the donor wound,W-plasty of the linear scar,Follicular unit excision (FUE) grafting placed within the scar,Straight-line primary closure with perpendicular (non-beveled) edges,Trichophytic closure,Surgical & Procedural,Rose PT
images/PMC4507484_ccid-8-361Fig3.jpg,Which donor harvesting method is indicated by a linear occipital scar?,Plug/mini-graft harvesting with 3–4 mm punches,Follicular unit excision (FUE) using dispersed 0.8–1.0 mm punches,No donor harvesting—physiologic occipital skin crease,Crown scalp reduction with elliptical excision and trichophytic closure,Follicular unit transplantation (strip/FUT) with trichophytic closure,Follicular unit transplantation (strip/FUT) with trichophytic closure,Skin & Hair,Rose PT
images/PMC7339289_gox-8-e2825-g001.jpg,Which surgical approach best matches faint axillary scars with no breast skin scars?,High inframammary fold approach (scar hidden under the breast),Endoscopic transaxillary approach,Transumbilical breast augmentation (TUBA),Periareolar approach (camouflaged at the areolar border),,Endoscopic transaxillary approach,Surgical & Procedural,Wieslander JB
images/PMC7339289_gox-8-e2825-g001.jpg,Which area shows a faint scar in this image?,Periareolar margin of the right breast,Right axillary crease,Left axillary crease,Right inframammary fold,No appreciable scar visible,Left axillary crease,Trunk & Extremities,Wieslander JB
images/PMC8354577_10-1055-a-1331-2469-i13312469-0001.jpg,Which term best describes the craniofacial anomaly shown?,Severe nasal hypoplasia,Bilateral choanal atresia,Arhinia,Micrognathia,Anotia,Arhinia,Mouth & Jaws,Sommer F
images/PMC8354577_10-1055-a-1331-2469-i13312469-0001.jpg,Which oxygen delivery method would be ineffective in this patient?,Bag–valve–mask sealed over the mouth,Laryngeal mask airway,Orotracheal endotracheal intubation,Nasal cannula,,Nasal cannula,Head & Neck,Sommer F
images/PMC3334490_10728_2011_176_Fig3_HTML.jpg,Which change would most improve safety during this assisted movement?,Stand slightly in front and control the patient’s right forearm with a firm hand-held assist to steer,Ask the patient to place both hands on their hips to reduce arm swing and prevent grabbing furniture,"Apply a gait belt and walk at the patient’s left side, giving contact guard instead of pushing from behind","Assist from behind with both palms on the upper back, using gentle forward pressure to cue pacing",,"Apply a gait belt and walk at the patient’s left side, giving contact guard instead of pushing from behind",Other,"Sitvast JE, Abma TA"
images/PMC3334490_10728_2011_176_Fig3_HTML.jpg,Which assistance technique is used to initiate movement?,Manual forward facilitation: physical push on the upper back from behind,Side-by-side assistance using a gait belt at the waist,Verbal coaching only without touch from a seated position,Facing the client: anterior pull at both shoulders,Hand-over-hip guidance with light pressure at the sacrum to cue weight shift,Manual forward facilitation: physical push on the upper back from behind,Trunk & Extremities,"Sitvast JE, Abma TA"
images/PMC7872454_ijspt_2021_16_1_18707_49313.jpg,Which foot anchors the band relative to the moving arm?,Ipsilateral foot (same side as the moving arm),Both feet (band looped under each),Neither foot (band anchored elsewhere),Contralateral foot (opposite to the moving arm),,Contralateral foot (opposite to the moving arm),Trunk & Extremities,"Bradley H, Lacheta L, Goldenberg BT, Rosenberg SI, Provencher MT, Millett PJ"
images/PMC7872454_ijspt_2021_16_1_18707_49313.jpg,Which statement best describes the resistance band's path across the body?,It sweeps anterolaterally around the waist in a mostly horizontal beltline path,"It runs obliquely from the same-side foot to the same-side hand, remaining lateral to the umbilicus throughout","It runs obliquely from the opposite-side foot to the raised hand, crossing the trunk’s midline",It ascends nearly vertically along the ipsilateral side of the torso with no midline crossover,,"It runs obliquely from the opposite-side foot to the raised hand, crossing the trunk’s midline",Trunk & Extremities,"Bradley H, Lacheta L, Goldenberg BT, Rosenberg SI, Provencher MT, Millett PJ"
images/PMC9263775_atm-10-11-649-f1.jpg,Along which structure are the blue landmark points most densely arranged?,Supraorbital rim (bony orbital margin),Upper eyelid margin (ciliary line),Eyebrow arch (superciliary region),Superior palpebral crease (upper eyelid sulcus),,Eyebrow arch (superciliary region),Eyes,"Fan W, Rokohl AC, Guo Y, Heindl LM"
images/PMC9263775_atm-10-11-649-f1.jpg,What is the purpose of the marked points and abbreviations around the eye?,Preoperative eyelid crease and brow lift incision planning marks,Cosmetic microblading/tattoo template points for brow design,Mapping periorbital skin lesions to designate biopsy sites,Calibration fiducials for ophthalmic eye-tracking and saccade analysis,Standardized periocular anthropometric landmark mapping for 3D measurement,Standardized periocular anthropometric landmark mapping for 3D measurement,Eyes,"Fan W, Rokohl AC, Guo Y, Heindl LM"
images/PMC3208921_JPN-6-23-g005.jpg,Which skull shape abnormality is most evident in this infant?,Trigonocephaly (metopic synostosis),Severe brachycephaly from bicoronal synostosis,Cloverleaf skull (Kleeblattschädel),Left posterior plagiocephaly,Turricephaly (oxycephaly),Cloverleaf skull (Kleeblattschädel),Head & Neck,"Balasubramaniam C, Rao SM"
images/PMC3208921_JPN-6-23-g005.jpg,The head shape shown most likely results from premature closure of which cranial sutures?,Isolated sagittal synostosis,Fusion of coronal and sagittal sutures with patent lambdoid sutures,Isolated metopic synostosis,The coronal and lambdoid sutures are most commonly involved,,The coronal and lambdoid sutures are most commonly involved,Head & Neck,"Balasubramaniam C, Rao SM"
images/PMC5584101_0392-100X-37-295-g002.jpg,Which angle is shown by the curved arc at the nasal base?,Nasolabial (columella-labial) angle,Columellar-facial angle,Columellar-Frankfort horizontal angle,Nasofacial angle,,Columellar-facial angle,Head & Neck,"Giacomini PG, Rubino S, Mocella S, Pascali M, Di Girolamo S"
images/PMC5584101_0392-100X-37-295-g002.jpg,Which line represents the Frankfort horizontal plane?,C,D,A,B,,A,Head & Neck,"Giacomini PG, Rubino S, Mocella S, Pascali M, Di Girolamo S"
images/PMC11438088_12903_2024_4859_Fig5_HTML.jpg,What best describes the patient's lower extremity alignment in the picture?,Varus alignment,Neutral,Windswept deformity,Valgus alignment,,Valgus alignment,Trunk & Extremities,"Nourbakhsh N, Esfahani EA"
images/PMC11438088_12903_2024_4859_Fig5_HTML.jpg,Which knee compartment bears increased load in this alignment?,Lateral tibiofemoral compartment,Load distributed equally across compartments,Patellofemoral compartment (predominantly lateral facet),Medial tibiofemoral compartment,,Lateral tibiofemoral compartment,Trunk & Extremities,"Nourbakhsh N, Esfahani EA"
images/PMC9198664_10.1177_20101058211041411-fig3.jpg,Which structure is being palpated at the site shown?,Posterior auricular lymph nodes,Articular eminence of the temporal bone,Parotid gland,Temporomandibular joint,Mastoid process of the temporal bone,Parotid gland,Head & Neck,Chong GTF
images/PMC9198664_10.1177_20101058211041411-fig3.jpg,Which condition is most likely associated with point tenderness at the depicted site?,Temporomandibular joint capsulitis/synovitis (TMD),Acute mastoiditis (postauricular tenderness),Acute suppurative parotitis (parotid sialadenitis),Acute otitis externa with tragal tenderness,,Acute suppurative parotitis (parotid sialadenitis),Mouth & Jaws,Chong GTF
images/PMC8365778_10-1055-a-1384-4641-i13844641-0018.jpg,Which eye appears more proptotic?,Right eye,Left eye,Neither eye—no clear asymmetry,,,Left eye,Eyes,"Kisser U, Heichel J, Glien A"
images/PMC8365778_10-1055-a-1384-4641-i13844641-0018.jpg,What ocular misalignment is visible in this photograph?,No manifest strabismus—apparent divergence due to exophthalmos,Right hypertropia with mild exotropia,Right exotropia with left eye fixation,Left exotropia (divergent strabismus),Left esotropia (convergent strabismus),Left exotropia (divergent strabismus),Eyes,"Kisser U, Heichel J, Glien A"
images/PMC4477458_JCAS-8-102-g003.jpg,"In subfigure b, contraction of which muscle most accentuates the cheek dimple?",Buccinator,Risorius,Levator anguli oris,Zygomaticus minor,Zygomaticus major,Zygomaticus major,Head & Neck,El-Sabbagh AH
images/PMC4477458_JCAS-8-102-g003.jpg,"In subfigure b, where is the dimple located relative to the corner of the mouth?",Mildly inferolateral to the oral commissure,Superomedial to the oral commissure,Directly lateral at the level of the commissure,Slightly superolateral to the oral commissure,At the commissure itself,Mildly inferolateral to the oral commissure,Head & Neck,El-Sabbagh AH
images/PMC5142710_ijtmb-9-22f3.jpg,Approximately what is the elbow angle?,Left elbow approximately 90° of flexion,Right elbow approximately 100–110° of flexion,Right elbow approximately 75–80° of flexion,Right elbow approximately 90° of flexion,,Right elbow approximately 90° of flexion,Trunk & Extremities,Meryanos CJ
images/PMC5142710_ijtmb-9-22f3.jpg,"With the elbow flexed and a closed fist, which movement is being assessed?",Wrist radial/ulnar deviation with a closed fist,Shoulder external rotation with the elbow flexed to 90°,Forearm pronation/supination,Elbow flexion/extension while the forearm is held still,,Forearm pronation/supination,Trunk & Extremities,Meryanos CJ
images/PMC3818773_jpts-25-1197-g002.jpg,Where is the ball placed?,Under the heel of the straight leg,Centered under the sacrum (tailbone) at the base of the spine,Under the posterior thigh just above the knee of the straight leg,Under the lateral hip at the greater trochanter,Directly under the sit bone (ischial tuberosity) on the extended-leg side,Directly under the sit bone (ischial tuberosity) on the extended-leg side,Trunk & Extremities,Suzuki S
images/PMC3818773_jpts-25-1197-g002.jpg,What position is the ankle of the straightened leg in?,Dorsiflexion,Mild plantarflexion (subtle toe point),Neutral (approximately 90° at the ankle),Eversion (pronated),,Neutral (approximately 90° at the ankle),Trunk & Extremities,Suzuki S
images/PMC7489740_gox-8-e2947-g003.jpg,Which description best characterizes the hairline abnormality seen?,Temporal recession consistent with androgenetic alopecia,Notched/stepped occipital hairline with anterior displacement of hair-bearing skin,Stepped occipital hairline due to posterior displacement of hair-bearing scalp,"Normal, uninterrupted postauricular hairline",Inferiorly migrated (low) nuchal hairline without notching,Notched/stepped occipital hairline with anterior displacement of hair-bearing skin,Skin & Hair,"Skouras GA, Skouras AG, Skoura EA"
images/PMC7489740_gox-8-e2947-g003.jpg,Which anatomic region is being exposed in the image?,Superior temporal scalp hairline just above the helix,Upper nuchal region of the posterior neck below the occipital protuberance,Retrolobular crease at the parotid tail inferior to the earlobe,Preauricular parotid area anterior to the tragus,Postauricular/occipital hairline immediately posterior to the auricle,Postauricular/occipital hairline immediately posterior to the auricle,Head & Neck,"Skouras GA, Skouras AG, Skoura EA"
images/PMC9132504_JIPS-22-188-g004.jpg,Which landmark corresponds to the marked point on the hand?,Dorsum between the first and second metacarpals at the apex of the first web space,Palmar aspect between the first and second metacarpals at the midpoint of the first web space,"Radial border at the base of the second metacarpal, just proximal to the index metacarpophalangeal joint",Dorsum between the second and third metacarpals at the apex of the second web space,,Dorsum between the first and second metacarpals at the apex of the first web space,Trunk & Extremities,"Agrawal S, Kambala SS, Borle AB, Balwani T"
images/PMC9132504_JIPS-22-188-g004.jpg,Which intrinsic hand muscle lies directly deep to the marked site?,First palmar interosseous,Second dorsal interosseous,First dorsal interosseous,Adductor pollicis (oblique head),,First dorsal interosseous,Trunk & Extremities,"Agrawal S, Kambala SS, Borle AB, Balwani T"
images/PMC10562057_10-1055-s-0043-1769498-i00978-1.jpg,Which musculoskeletal problem is most likely from this work posture with prolonged repetition?,Subacromial impingement/rotator cuff tendinopathy from sustained shoulder abduction and forward flexion while operating the forge,Thoracic outlet syndrome precipitated by prolonged overhead reach with shoulder girdle depression,Lateral epicondylitis from repetitive wrist/forearm extension during tool manipulation,Carpal tunnel syndrome from high-frequency vibration and forceful grip on tongs,,Subacromial impingement/rotator cuff tendinopathy from sustained shoulder abduction and forward flexion while operating the forge,Trunk & Extremities,"Brueck SE, Eisenberg J, Zechmann EL, Murphy WJ, Krieg E, Morata TC"
images/PMC10562057_10-1055-s-0043-1769498-i00978-1.jpg,"At shin level in front of the operator, which injury risk is most immediate?",Thermal burns to the anterior shins and feet from radiant heat and hot scale splash,Crush contusion to the right tibia from the descending ram at shin height,Contact dermatitis of the lower legs from die-lubricant overspray,"No immediate hazard at shin level, standard boots and pants provide sufficient protection",,Thermal burns to the anterior shins and feet from radiant heat and hot scale splash,Trunk & Extremities,"Brueck SE, Eisenberg J, Zechmann EL, Murphy WJ, Krieg E, Morata TC"
images/PMC7222623_JKAOMS-46-108-f2.jpg,Which landmark are all of the tape strips crossing over?,Lateral oral commissure,Tragus-commissure line,Mastoid process,Tragus of the ear,,Tragus-commissure line,Head & Neck,"Kim MG, Kim MY"
images/PMC7222623_JKAOMS-46-108-f2.jpg,Which landmark marks the inferior starting point for the neck tape application?,Infraclavicular fossa just inferior to the clavicle,Suprasternal notch at the manubrium,Mid-clavicular point at the deltopectoral groove,Supraclavicular fossa just superior to the clavicle,,Supraclavicular fossa just superior to the clavicle,Head & Neck,"Kim MG, Kim MY"
images/PMC4507484_ccid-8-361Fig4.jpg,Which closure technique is indicated by this scalp scar?,Z-plasty revision of the donor scar,Standard non-trichophytic linear closure,Trichophytic beveled strip-donor closure,FUE punch-extraction donor harvesting,Scar camouflage by implanting follicular units into the scar,Trichophytic beveled strip-donor closure,Surgical & Procedural,Rose PT
images/PMC4507484_ccid-8-361Fig4.jpg,Which description best matches the morphology of the scar shown?,Multiple evenly spaced small hypopigmented punctate donor scars,"Fine, flat hypopigmented linear scar with hair shafts emerging through it","Fine, flat hypopigmented linear scar without hair growth across it",Slightly raised erythematous linear hypertrophic ridge,,"Fine, flat hypopigmented linear scar with hair shafts emerging through it",Skin & Hair,Rose PT
images/PMC5829892_svn-2017-000079f09.jpg,Which conjunctival finding is seen near the limbus?,Pterygium,Chemosis,Pinguecula,Conjunctivochalasis,Subconjunctival hemorrhage,Chemosis,Eyes,"Pula JH, Yuen CA"
images/PMC5829892_svn-2017-000079f09.jpg,Which vascular sign is visible on the ocular surface?,Conjunctival injection with arterialized episcleral vessels,Subconjunctival hemorrhage,Ciliary flush (perilimbal injection),Corneal neovascularization (pannus),,Conjunctival injection with arterialized episcleral vessels,Eyes,"Pula JH, Yuen CA"
images/PMC4073456_AMS-4-24-g006.jpg,Right panel: Which skull region is most prominent?,Occipital/posterior,Frontal/anterior (bossing),Right temporoparietal (lateral),Parietal/vertex,No discrete regional prominence (diffuse enlargement),Occipital/posterior,Head & Neck,"Sahoo N, Roy ID, Gupta V, Desai AP"
images/PMC4073456_AMS-4-24-g006.jpg,Where are the child's eyes gazing?,"Child's left eye is gazing to the right, and child's right eye is in a neutral position.",Both eyes are in a neutral position.,Both eyes are gazing to the left.,"Child's left eye is gazing to the left, and child's right eye is in a neutral position.","Child's right eye is gazing to the left, and child's left eye is in a neutral position.","Child's right eye is gazing to the left, and child's left eye is in a neutral position.",Eyes,"Sahoo N, Roy ID, Gupta V, Desai AP"
images/PMC6811945_ijcpd-12-165-g021.jpg,Which anterior overjet is present?,Reverse (negative) overjet of about 2–3 mm with mandibular incisors ahead of maxillary incisors,Mild positive overjet (~2 mm) with maxillary incisors slightly ahead of mandibular incisors,No overjet because of an anterior open bite with vertical separation,Edge-to-edge incisal relationship with essentially zero overjet,,Reverse (negative) overjet of about 2–3 mm with mandibular incisors ahead of maxillary incisors,Mouth & Jaws,"Joybell C, Krishnan R, Kumar S"
images/PMC6811945_ijcpd-12-165-g021.jpg,Which of these maxillary teeth is missing?,Left canine,Left lateral and central incisors,Only right side has missing teeth,Left central incisor,Left lateral incisor,Left lateral incisor,Mouth & Jaws,"Joybell C, Krishnan R, Kumar S"
images/PMC6943847_JBPE-9-719-g003.jpg,What knee alignment is this orthosis designed to create?,Genu recurvatum (hyperextension),Valgus alignment,Neutral tibiofemoral alignment,Varus alignment,,Valgus alignment,Trunk & Extremities,"Khosravi M, Arazpour M, Saeedi H, Rezaei M"
images/PMC6943847_JBPE-9-719-g003.jpg,Where is the primary hinge located relative to the braced knee?,Centered over the lateral femoral epicondyle at the joint line,Over the medial femoral epicondyle at the joint line,Centered anteriorly over the patella,"Posterolateral, just behind the fibular head",,Centered over the lateral femoral epicondyle at the joint line,Trunk & Extremities,"Khosravi M, Arazpour M, Saeedi H, Rezaei M"
images/PMC3199843_CTO-06-03-g-015.jpg,"In the clinical photograph, which landmark demonstrates a color change?",Scapha (scaphoid fossa) concavity,Antihelical fold,Conchal bowl depth,Superior crus of the antihelix,Helical rim,Helical rim,Head & Neck,"Staindl O, Siedek V"
images/PMC4174167_gox-1-e01-g009.jpg,"A patient underwent surgical repair following a near-complete auricular amputation. The provided photograph captures the current clinical presentation of the patient's ear.

Which description best characterizes the observed stage of wound healing based on the visual evidence?",Advanced healing state,Final maturation phase,Preoperative state,Immediate postoperative state,"Post-suture removal, early healing phase",Advanced healing state,Head & Neck,"Bada AM, Pope GH"
images/PMC4174167_gox-1-e01-g009.jpg,"In the clinical photograph, where is the eschar located?",None of these areas are affected an eschar,Tragus,Antitragus,Helix,Antihelix,Helix,Head & Neck,"Bada AM, Pope GH"
images/PMC6801350_jpts-31-844-g001.jpg,How is the thumb positioned relative to the palm?,Radially abducted with the thumb extended (hitchhiker posture),Adducted and tucked against the palm,In opposition across the palm toward the little finger,"Partially palmar‑abducted, resting just off the palm",,"Partially palmar‑abducted, resting just off the palm",Trunk & Extremities,"Suzuki R, Muraoka Y, Yamada S, Asano S"
images/PMC6801350_jpts-31-844-g001.jpg,Which functional task would be most affected by the thumb posture shown?,"Grasping a cylindrical object that requires palmar thumb abduction (e.g., a bottle or cup)",Holding a pen to write with a tripod grip,Buttoning a shirt using tip-to-tip pinch,Turning a key using a lateral pinch between the thumb and index finger,,"Grasping a cylindrical object that requires palmar thumb abduction (e.g., a bottle or cup)",Trunk & Extremities,"Suzuki R, Muraoka Y, Yamada S, Asano S"
images/PMC11438088_12903_2024_4859_Fig12_HTML.jpg,What best describes the alignment of the mandibular anterior teeth?,Well-aligned mandibular incisors with slight proclination,Generalized spacing between lower incisors,Mild crowding of mandibular incisors without rotation,Maxillary anterior crowding with rotated incisors,Crowding with rotation of mandibular incisors,Crowding with rotation of mandibular incisors,Mouth & Jaws,"Nourbakhsh N, Esfahani EA"
images/PMC4874279_gox-4-e635-g004.jpg,"In this profile view, where is a subtle scar most apparent?",Preauricular crease adjacent to the temporomandibular joint,Submandibular region just inferior to the mandibular angle,Postauricular sulcus over the mastoid,Along the inferior border of the mandibular body 2 cm anterior to the angle,,Submandibular region just inferior to the mandibular angle,Head & Neck,"Bobinskas AM, Subramaniam SS, Vujcich NJ, Nastri AL"
images/PMC4874279_gox-4-e635-g004.jpg,What skin abnormality is most prominent in the image shown?,"Normal appearing skin, no abnormality seen",Rosacea overlying the cheek and nasal bridge,Soft tissue infection (possible cellulitis) of the neck,"Well-healed, post-surgical scarring in the mandibular region",,"Well-healed, post-surgical scarring in the mandibular region",Skin & Hair,"Bobinskas AM, Subramaniam SS, Vujcich NJ, Nastri AL"
images/PMC8258829_10.1177_2192568220947744-fig3.jpg,Which movement is being performed?,Shoulder flexion to 90 degrees with elbows flexed,Wrist extension with radial deviation under load,Elbow extension with forearm supination,Forearm pronation with the elbow at 90 degrees,,Shoulder flexion to 90 degrees with elbows flexed,Trunk & Extremities,"Satin AM, Lieberman IH"
images/PMC8258829_10.1177_2192568220947744-fig3.jpg,What function are the water bottles performing?,Evaluating range of motion of fingers,Measuring grip strength,Providing resistance for testing bicep strength,Enabling adequate daily water intake,,Providing resistance for testing bicep strength,Trunk & Extremities,"Satin AM, Lieberman IH"
images/PMC7008639_CCID-13-127-g0010.jpg,Which intervention would most directly address the forehead lines and brow asymmetry?,Upper eyelid blepharoplasty to address brow position,Temporal brow thread lift,Botulinum toxin to the frontalis (asymmetric dosing),Botulinum toxin to the glabellar complex (corrugator/procerus),Hyaluronic acid filler along the supraorbital rim to support the lateral brow,Botulinum toxin to the frontalis (asymmetric dosing),Head & Neck,de Sanctis Pecora C
images/PMC7008639_CCID-13-127-g0010.jpg,Which facial action is most likely indicated by the forehead lines?,Forceful squinting with eye closure (orbicularis oculi),Bilateral eyebrow elevation (frontalis activation),Relaxed forehead with no active contraction,Medial brow knitting/frowning (corrugator-procerus contraction),,Bilateral eyebrow elevation (frontalis activation),Head & Neck,de Sanctis Pecora C
images/PMC3373998_ksrr-24-113-g005.jpg,Which movement phase is shown?,Terminal push-off (toe-off) on the right limb with the foot leaving the ground,Initial landing deceleration on the left limb after the hop,Static single-leg set position between hops,Eccentric countermovement loading on the stance limb immediately before take-off,,Eccentric countermovement loading on the stance limb immediately before take-off,Trunk & Extremities,"Ko MS, Yang SJ, Ha JK, Choi JY, Kim JG"
images/PMC3373998_ksrr-24-113-g005.jpg,What functional capacity is being assessed?,Bilateral lower-limb power with symmetric two-leg takeoff,Change-of-direction agility using a multi-directional shuffle,Dynamic single-leg balance and proprioceptive control,Unilateral lower-extremity explosive power and limb symmetry,,Unilateral lower-extremity explosive power and limb symmetry,Trunk & Extremities,"Ko MS, Yang SJ, Ha JK, Choi JY, Kim JG"
images/PMC5359635_kjod-47-87-g003.jpg,Which numbered label indicates the nasolabial angle?,4,7,3,6,5,4,Mouth & Jaws,"Jang KS, Bayome M, Park JH, Park KH, Moon HB, Kook YA"
images/PMC5359635_kjod-47-87-g003.jpg,Which numbered label marks the labiomental fold?,4,7,3,6,5,7,Mouth & Jaws,"Jang KS, Bayome M, Park JH, Park KH, Moon HB, Kook YA"
images/PMC8255762_ns-2040684-342f4.jpg,Which best describes the position of the left upper extremities in the lower right figure?,Shoulder abduction ≈ 120 degrees,Shoulder abduction ≈ 90 degrees,Shoulder abduction ≈ 60 degrees,Shoulder abduction ≈ 0 degrees,Shoulder abduction ≈ 30 degrees,Shoulder abduction ≈ 90 degrees,Trunk & Extremities,"Haddad AF, Burke JF, Mummaneni PV, Chan AK, Safaee MM, Knightly JJ, Mayer RR, Pennicooke BH, Digiorgio AM, Weinstein PR, Clark AJ, Chou D, Dhall SS"
images/PMC8255762_ns-2040684-342f4.jpg,Which nerve root is primarily assessed by the arm position in the bottom-right subfigure?,C4,C7,C5–C6,C6,C5,C5,Trunk & Extremities,"Haddad AF, Burke JF, Mummaneni PV, Chan AK, Safaee MM, Knightly JJ, Mayer RR, Pennicooke BH, Digiorgio AM, Weinstein PR, Clark AJ, Chou D, Dhall SS"
images/PMC8805104_ijspt_2022_17_2_31953_80379.jpg,Where is the elastic resistance applied to the patient?,Band positioned across the forehead,Band wrapped around the shoulder girdle just below the clavicles,Loop encircling the mid-cervical neck,Loop secured around the posterior occiput/back of the head,,Band positioned across the forehead,Trunk & Extremities,Bizzini M
images/PMC8805104_ijspt_2022_17_2_31953_80379.jpg,Which surface is being used to increase instability?,A BOSU half-ball used dome-side up,An inflated balance cushion with a small foot platform on top,An oval wobble board used directly on the floor,A thick foam balance pad with a small platform placed over it,,An inflated balance cushion with a small foot platform on top,Trunk & Extremities,Bizzini M
images/PMC3199843_CTO-06-03-g-007.jpg,"Which side most likely requires additional setback (e.g., concha–mastoid sutures) to improve symmetry?",Both ears require symmetric additional setback,"No additional concha–mastoid setback is indicated, the asymmetry is due to positioning/edema",Antihelical fold refinement rather than concha–mastoid setback is needed on the patient’s left (right side of the image),Patient’s right ear (left side of the image) needs additional posterior setback,Patient’s left ear (right side of the image) needs additional posterior setback,Patient’s right ear (left side of the image) needs additional posterior setback,Head & Neck,"Staindl O, Siedek V"
images/PMC3199843_CTO-06-03-g-007.jpg,Which auricular feature shows the greatest side-to-side asymmetry?,Lobule size and rotation,Antihelical fold definition,Superior helical rim position relative to the scalp (upper-third setback),Tragus–antitragus complex contour,,Superior helical rim position relative to the scalp (upper-third setback),Head & Neck,"Staindl O, Siedek V"
images/PMC9531732_JWACS-12-91-g001.jpg,How would the findings in the photograph be best described?,Left-sided swelling between the neck and shoulder,No abnormality present,Skin laceration along the anterior aspect of the shoulder,Ecchymosis overlying the shoulder,,Left-sided swelling between the neck and shoulder,Trunk & Extremities,"Amaefule KE, Ejagwulu FS, Sholadoye TT, Dahiru WG"
images/PMC8405095_CCID-14-1105-g0004.jpg,"In the right subfigure, what chin change is most apparent?",No appreciable change in chin contour or projection,Decreased anterior projection with subtle retrusion of the chin point,Increased anterior projection at the chin apex (pogonion),Inferior descent of the soft-tissue chin pad with deepened mental crease,,Increased anterior projection at the chin apex (pogonion),Mouth & Jaws,"Kapoor KM, Saputra DI, Porter CE, Colucci L, Stone C, Brenninkmeijer EEA, Sloane J, Sayed K, Winaya KK, Bertossi D"
images/PMC8405095_CCID-14-1105-g0004.jpg,Which subfigure shows a crisper mandibular angle and a straighter jawline contour (reduced pre‑jowl sulcus)?,"Right subfigure—crisper mandibular angle with a smoother, more continuous jawline",Both subfigures—similar mandibular contour without a clear difference,Neither subfigure—no demonstrable reduction in the pre‑jowl sulcus,"Left subfigure—gonial angle slightly sharper, but pre‑jowl sulcus unchanged",,"Right subfigure—crisper mandibular angle with a smoother, more continuous jawline",Mouth & Jaws,"Kapoor KM, Saputra DI, Porter CE, Colucci L, Stone C, Brenninkmeijer EEA, Sloane J, Sayed K, Winaya KK, Bertossi D"
images/PMC7339289_gox-8-e2825-g010.jpg,Which skin change is present just inferior to both areolae?,No appreciable contour abnormality beneath either areola,Mature hypertrophic keloid scarring along the periareolar sutures,Early nipple–areola complex ischemia/epidermolysis,Symmetric superior periareolar retraction (above the areolae),Localized subareolar skin indentation/pleating (bilateral),Localized subareolar skin indentation/pleating (bilateral),Trunk & Extremities,Wieslander JB
images/PMC7339289_gox-8-e2825-g010.jpg,Which healing stage is most consistent with this image?,"Mature, stable scars (>12 months), with pale, faint lines","Late maturation (3–6 months), with flattening but persistent erythema","Immediate postoperative (post-op days 1–5), with edema and puckering under the areolae","Subacute remodeling (weeks 4–8), as sutures resorb and pleating softens","Early postoperative period (first 1–3 weeks), with transient contraction inferior to the areolae","Early postoperative period (first 1–3 weeks), with transient contraction inferior to the areolae",Surgical & Procedural,Wieslander JB
images/PMC10331090_10.1177_20552076231186217-fig4.jpg,"In subfigure (B) SLS, what is the likeliest position of the non-weight-bearing foot?",Resting against the stance leg’s shin for balance,Toes lightly touching the floor beside the stance foot,Fully off the ground (no contact),Heel lightly on the floor in front of the stance foot,,Fully off the ground (no contact),Trunk & Extremities,"Jeong S, Kim SH, Park KN"
images/PMC10331090_10.1177_20552076231186217-fig4.jpg,Which exercise requires the greatest degree of right ankle stabilization?,Walking,Lunge,Running,SLS,Side lunge,SLS,Trunk & Extremities,"Jeong S, Kim SH, Park KN"
images/PMC9808559_MCS006253Bha_F3.jpg,What is the auricle's rotational orientation?,Apparent posterior tilt from low-set position only (true rotation neutral),Posteriorly rotated (retroverted),Neutral (no rotation),Anteriorly rotated (anteverted),,Posteriorly rotated (retroverted),Head & Neck,"Bhatia M, Cavalleri GL, White M, Delanty N, Sweeney BJ, Costello DJ, Greally MT, Benson KA"
images/PMC9808559_MCS006253Bha_F3.jpg,Which cranial shape is most apparent on this lateral view?,Dolichocephaly (scaphocephaly),Right posterior plagiocephaly,Turricephaly,Normocephaly,Brachycephaly,Brachycephaly,Head & Neck,"Bhatia M, Cavalleri GL, White M, Delanty N, Sweeney BJ, Costello DJ, Greally MT, Benson KA"
images/PMC5356953_1348-9585-58-289-g001.jpg,"In the rightmost panels (50% ROM), in which direction is the hand displaced from neutral in the top and bottom rows?",No displacement from neutral in either row,Both rows toward the palm,Both rows toward the dorsum,"Top row toward the dorsum, bottom row toward the palm","Top row toward the palm, bottom row toward the dorsum","Top row toward the palm, bottom row toward the dorsum",Trunk & Extremities,"Wolny T, Saulicz E, Linek P, Myśliwiec A"
images/PMC5356953_1348-9585-58-289-g001.jpg,"Change question to : In the leftmost images of both rows, what is the wrist position?",Slight ulnar deviation with fingers extended,Wrist held in about 15 to 20 degrees dorsiflexion (functional position),Forearm pronated with wrist at 0 degrees flexion/extension,Palm fully supinated with wrist resting level,Hand and forearm in a straight line with 0 degrees flexion/extension,Hand and forearm in a straight line with 0 degrees flexion/extension,Trunk & Extremities,"Wolny T, Saulicz E, Linek P, Myśliwiec A"
images/PMC11088804_10.1177_20556683241240488-fig1.jpg,Which physiologic signal is most likely being recorded?,Impedance myography (bioimpedance) of the thigh,Surface electromyography (EMG),Reflectance photoplethysmography (near-infrared muscle oxygenation),Compound muscle action potentials during femoral nerve conduction testing,,Surface electromyography (EMG),Trunk & Extremities,"Wouda MF, Bengtson EI, Høyer E, Wesche AP, Jørgensen V"
images/PMC11088804_10.1177_20556683241240488-fig1.jpg,Which muscle group is targeted by the electrode placement shown?,"Quadriceps (vastus medialis, VMO)",Tensor fasciae latae/iliotibial band region,Biceps femoris (lateral hamstring),Rectus femoris (anterior thigh),Quadriceps (vastus lateralis),"Quadriceps (vastus medialis, VMO)",Trunk & Extremities,"Wouda MF, Bengtson EI, Høyer E, Wesche AP, Jørgensen V"
images/PMC8046460_JOCR-10-56-g007.jpg,Which wound-closure method is most consistent with the appearance?,Adhesive strips (Steri-Strips) alone,Simple interrupted skin sutures,Skin staples,Running subcuticular suture reinforced with tissue adhesive,,Simple interrupted skin sutures,Surgical & Procedural,"Bhambhu V, Patel PG, Mehendiratta D, Dalvie S"
images/PMC8046460_JOCR-10-56-g007.jpg,Which of the following best describes the wound edges?,Everted edges with trace serosanguinous oozing but no purulence,Well-approximated without obvious erythema or drainage,Subtle separation at the superior pole (~2–3 mm) suggestive of early dehiscence,Marked purulent discharge with surrounding cellulitis,,Well-approximated without obvious erythema or drainage,Surgical & Procedural,"Bhambhu V, Patel PG, Mehendiratta D, Dalvie S"
images/PMC10929313_aoj-08-23-f12.jpg,In what direction is the non–weight-bearing leg moving relative to the body?,Medially across the midline toward the stance leg,Lateral glide parallel to the tape without crossing it,Straight anterior over the tape in line with the body,Laterally/diagonally across the tape toward the contralateral side,Posterior sweep behind the stance leg,Laterally/diagonally across the tape toward the contralateral side,Trunk & Extremities,"Nyland J, Pyle B, Richards J, Yoshida K, Brey J, Carter S"
images/PMC10929313_aoj-08-23-f12.jpg,What support condition is the athlete demonstrating in the image?,Half-kneeling position,Single-leg stance,Semi-tandem stance with contralateral toe touch,Tandem stance (heel-to-toe),Staggered double-leg stance (split stance),Single-leg stance,Trunk & Extremities,"Nyland J, Pyle B, Richards J, Yoshida K, Brey J, Carter S"
images/PMC7057868_AJNS-15-159-g001.jpg,Which side shows greater muscle wasting of the arm and leg?,Not determinable due to clothing/posture,Right (R),Left (L),Right arm more than left but legs symmetric,Bilateral with no clear side predominance,Right (R),Trunk & Extremities,"Okunlola AI, Olowoyo P, Okunlola CK, Babalola OF"
images/PMC7057868_AJNS-15-159-g001.jpg,Which hand and forearm appear thinner with partially flexed fingers compared to the other side?,Patient’s left side (image right),Both hands appear equally atrophied,Patient’s right side (image left),No clear asymmetry,,Patient’s right side (image left),Trunk & Extremities,"Okunlola AI, Olowoyo P, Okunlola CK, Babalola OF"
images/PMC9249291_ves-30-ves200710-g001.jpg,What visual stimulus is displayed on the laptop screen?,A single optotype letter centered on a plain white field,A fixation cross centered within concentric rings,A Landolt C centered within concentric rings,A single optotype letter within concentric rings,A single lowercase letter within a single thick ring,A single lowercase letter within a single thick ring,Eyes,"Quintana C, Heebner NR, Olson AD, Abt JP, Hoch MC"
images/PMC9249291_ves-30-ves200710-g001.jpg,"Given the fixed viewing distance to the screen, which assessment is most likely being conducted?",Stereoacuity testing with polarized targets at near (about 40 cm),Computer-based letter contrast sensitivity testing at 1 meter,Monocular distance acuity of the right eye using an occluder at approximately 6 ft,Binocular visual acuity measurement at a standardized 8-ft testing distance,,Binocular visual acuity measurement at a standardized 8-ft testing distance,Eyes,"Quintana C, Heebner NR, Olson AD, Abt JP, Hoch MC"
images/PMC5574746_13555_2017_195_Fig3_HTML.jpg,Which underlying structure’s enlargement best explains the lateral jawline findings?,Masseter muscle,Buccinator muscle,Medial pterygoid muscle,Parotid gland (tail),Submandibular gland,Masseter muscle,Mouth & Jaws,"Atefi N, Dalvand B, Ghassemi M, Mehran G, Heydarian A"
images/PMC5584101_0392-100X-37-295-g007.jpg,Which view is shown for assessing nasal tip projection?,Left lateral (profile) view,Posterior view,Right lateral (profile) view,Left oblique (three-quarter) view,Right oblique (three-quarter) view,Right lateral (profile) view,Head & Neck,"Giacomini PG, Rubino S, Mocella S, Pascali M, Di Girolamo S"
images/PMC5584101_0392-100X-37-295-g007.jpg,What aesthetic feature is visible here?,Nasal tip ptosis,Cryptotia,Saddle nose,Prognathism,,Nasal tip ptosis,Head & Neck,"Giacomini PG, Rubino S, Mocella S, Pascali M, Di Girolamo S"
images/PMC4174170_gox-1-e04-g004.jpg,"In subfigure A, what abnormality does the arrow indicate?",No appreciable abnormality of the frontal contour,Linear postoperative scar along the right brow,Raised calcified subcutaneous nodule in the right frontal region,Localized concavity of the right medial forehead (contour defect),Subtle soft-tissue bulge of the right medial forehead,Localized concavity of the right medial forehead (contour defect),Skin & Hair,"Mashiko T, Mori H, Kato H, Doi K, Kuno S, Kinoshita K, Kunimatsu A, Ohtomo K, Yoshimura K"
images/PMC4174170_gox-1-e04-g004.jpg,What visual change is most notable in Subfigure B compared with Subfigure A at the marked site?,Focal erythema with slight effacement of the depression,Greater indentation of the defect,Subtle central blanching without contour change,No interval change from baseline,New linear scar across the marked area,Focal erythema with slight effacement of the depression,Skin & Hair,"Mashiko T, Mori H, Kato H, Doi K, Kuno S, Kinoshita K, Kunimatsu A, Ohtomo K, Yoshimura K"
images/PMC6181490_gox-6-e1888-g011.jpg,Which clinical head view is shown?,Posterolateral head view,Frontal anteroposterior facial view,Anterolateral oblique facial view,True lateral profile view,,True lateral profile view,Head & Neck,"Shome D, Khare S, Kapoor R"
images/PMC6181490_gox-6-e1888-g011.jpg,What best describes the scar?,No visible abnormalities are seen,A horizontal scar anterior to the ear,Post-operative scar at the lobule,A vertical scar anterior to the ear,,A vertical scar anterior to the ear,Head & Neck,"Shome D, Khare S, Kapoor R"
images/PMC3326850_IJSTD-33-44-g003.jpg,Where is the contour abnormality located on the neck?,Left anterior neck beneath the sternocleidomastoid at the level of the hyoid,No contour abnormality is evident,Multiple areas of abnormal swelling present bilaterally,Slightly right of midline in the submandibular triangle,,Multiple areas of abnormal swelling present bilaterally,Head & Neck,"Shah A, Stani A, Adalja M, George A"
images/PMC8267038_10.1177_2050313X211031332-fig7.jpg,Which maneuver demonstrates oral competence and facial motor control?,Inflating both cheeks by blowing air with the lips sealed,Pursing the lips tightly without blowing,Opening the mouth widely and saying 'ah,Clenching the molars firmly to tense the jaw,,Inflating both cheeks by blowing air with the lips sealed,Mouth & Jaws,Ghimire R
images/PMC8267038_10.1177_2050313X211031332-fig7.jpg,Which cranial nerve is assessed by the ability to maintain this facial position?,Hypoglossal nerve (CN XII),Vagus nerve (CN X),"Trigeminal nerve, mandibular division (CN V3—buccal nerve)",Facial nerve (CN VII),,Facial nerve (CN VII),Head & Neck,Ghimire R
images/PMC8077525_cop-0012-0110-g01.jpg,What best describes the right eye’s ocular motility?,Marked limitation of the left eye in all directions (ophthalmoplegia),Normal right ocular motility,"Limited right adduction, elevation, and depression with preserved abduction (partial oculomotor palsy)",Marked limitation of the right eye in all directions (ophthalmoplegia),Limited right abduction only (isolated abducens palsy),Marked limitation of the right eye in all directions (ophthalmoplegia),Eyes,"Godinho G, Abreu I, Alves G, Vaz R, Leal V, Carvalho AC, Sarmento A, Falcão-Reis F"
images/PMC8077525_cop-0012-0110-g01.jpg,What function is the examiner's thumb performing?,Blocking eyesight,Holding eyelid open,Keeping eyelid closed,Holding patient's head steady,Testing eye tracking,Holding eyelid open,Eyes,"Godinho G, Abreu I, Alves G, Vaz R, Leal V, Carvalho AC, Sarmento A, Falcão-Reis F"
images/PMC5015603_OC-03-03-g-004.jpg,Which subfigure shows the post-treatment appearance with reduced proptosis?,Right subfigure (Panel B),Left subfigure (Panel A),Neither subfigure—proptosis appears unchanged,Both subfigures show reduced proptosis,,Right subfigure (Panel B),Eyes,"Pawar N, Ramakrishanan R, Maheshwari D, Ravindran M"
images/PMC5015603_OC-03-03-g-004.jpg,Which subfigure shows reduced conjunctival congestion and eyelid swelling?,Left subfigure (pre-treatment) with less conjunctival injection and eyelid edema,Right subfigure shows reduced injection but persistent eyelid swelling,Both subfigures appear similar without appreciable change,Right subfigure (post-treatment) with less conjunctival injection and eyelid edema,Neither subfigure shows reduction in conjunctival congestion or lid edema,Right subfigure (post-treatment) with less conjunctival injection and eyelid edema,Eyes,"Pawar N, Ramakrishanan R, Maheshwari D, Ravindran M"
images/PMC4220394_OJO-7-109-g002.jpg,"In subfigure b, which side contains the ocular prosthesis?",Cannot be determined from the photograph,Patient's right eye (image left),Patient's left eye (image right),,,Patient's left eye (image right),Eyes,"Honavar SG, Kumar R"
images/PMC4220394_OJO-7-109-g002.jpg,"In subfigure b, how does the prosthetic eye compare cosmetically to the fellow eye?",Appears fuller than the fellow eye with increased inferior scleral show,"Nearly indistinguishable from the right eye in iris hue, pupil centration, and apparent globe size",Subtle horizontal misalignment with the left iris slightly lighter than the fellow eye,Appears marginally smaller with mild superior sulcus hollowing on the prosthetic side,,"Nearly indistinguishable from the right eye in iris hue, pupil centration, and apparent globe size",Eyes,"Honavar SG, Kumar R"
images/PMC8719980_10-1055-s-0041-1739255-i2110800-2.jpg,Which hair-restoration harvesting technique most commonly produces the scar shown?,Follicular unit extraction (FUE) using multiple 0.8–1.0 mm punches,Vertex scalp‑reduction surgery with linear trichophytic closure,Follicular unit transplantation (FUT) elliptical strip excision from the occipital donor zone,Classic plug‑graft donor harvesting with 4–10 mm punches,,Follicular unit transplantation (FUT) elliptical strip excision from the occipital donor zone,Skin & Hair,"Garg AK, Garg S"
images/PMC8719980_10-1055-s-0041-1739255-i2110800-2.jpg,Which visual finding on the scalp suggests recent graft placement?,Numerous evenly spaced small dark dots,Coalescent yellow-brown crusts with surrounding pustules,Diffuse scalp erythema with fine scale but no discrete puncta,Rows of uniform pinpoint hypopigmented pits lacking hair shafts,Linear shiny scar without follicular openings at the occiput,Numerous evenly spaced small dark dots,Skin & Hair,"Garg AK, Garg S"
images/PMC5595604_abd-92-04-0537-g01.jpg,Which hair characteristic is present in the frontal region?,"Mixed-caliber hairs with many short, fine vellus-like shafts interspersed among longer terminal hairs (miniaturization)",Numerous broken stubble hairs of near-equal length suggesting traction or trichotillomania,Uniform-caliber thick terminal hairs of similar length across the frontal scalp,"Smooth, shiny scalp with loss of follicular openings (cicatricial alopecia)","Clusters of short, tapered “exclamation-point” hairs along the frontal hairline","Mixed-caliber hairs with many short, fine vellus-like shafts interspersed among longer terminal hairs (miniaturization)",Skin & Hair,"Barroso LAL, Sternberg F, Souza MNIFE, Nunes GJB"
images/PMC5595604_abd-92-04-0537-g01.jpg,Which diagnosis is most consistent with the findings?,Traction alopecia involving the frontal-temporal margins from tight hairstyles,Telogen effluvium with diffuse thinning and preserved frontal hairline,Androgenetic alopecia with frontal predominance,Androgenetic alopecia with vertex predominance,Frontal fibrosing alopecia with scarring recession of the hairline,Androgenetic alopecia with frontal predominance,Skin & Hair,"Barroso LAL, Sternberg F, Souza MNIFE, Nunes GJB"
images/PMC5227079_JCAS-9-249-g004.jpg,What is the position of the neck in this image?,Hyperextended with the chin markedly lifted,Mild lower-cervical flexion with mandibular protrusion,Extended with the chin elevated,Neutral alignment with slight rightward rotation creating an apparent chin lift,,Extended with the chin elevated,Head & Neck,"Thacker P, Kumar P"
images/PMC5227079_JCAS-9-249-g004.jpg,What is the likeliest description of the nose?,Angled columellar axis with substantially smaller right nostril,Symmetric nostrils with normal columellar axis,Angled columellar axis with substantially larger left nostril,Symmetric nostrils with prominent hanging columella,,Symmetric nostrils with normal columellar axis,Head & Neck,"Thacker P, Kumar P"
images/PMC4179364_aps-41-576-g009.jpg,Which diagnosis best describes the appearance of both eyes?,Bilateral true aponeurotic ptosis with compensatory frontalis overaction,Bilateral pseudoptosis from upper-lid dermatochalasis,No clinically significant eyelid abnormality,Bilateral brow ptosis with normal upper lids,,Bilateral pseudoptosis from upper-lid dermatochalasis,Eyes,"Kiang L, Deptula P, Mazhar M, Murariu D, Parsa FD"
images/PMC4179364_aps-41-576-g009.jpg,What is the most likely reason for the upper eyelids' appearance in this frontal view?,Enophthalmos making the palpebral fissures appear shortened,Brow ptosis from frontalis weakness with eyebrow descent onto the lids,Dermatochalasis with redundant upper eyelid skin hooding the lash margins,Aponeurotic levator dehiscence causing true blepharoptosis,No lid abnormality—apparent narrowing from slight downgaze/photographic angle,Dermatochalasis with redundant upper eyelid skin hooding the lash margins,Eyes,"Kiang L, Deptula P, Mazhar M, Murariu D, Parsa FD"
images/PMC8253069_acc-59-650-f3.jpg,"In the middle subfigure, what transformation was used to create the composite?",Bilateral average of both hemifaces followed by mirroring,Horizontal flip of the original photograph,Left hemiface mirrored across the facial midline to create both sides,Right hemiface mirrored across the facial midline to create both sides,Left hemiface mirrored across a midline shifted slightly to the right,Left hemiface mirrored across the facial midline to create both sides,Other,"Poljsak B, Dahmane R, Adamič M, Sotler R, Levec T, Pavan Jukić D, Rotim C, Jukić T, Starc A"
images/PMC6052651_fx6.jpg,Which description best localizes the prominent feature in the image?,Left carotid triangle along the anterior border of the sternocleidomastoid,Right supraclavicular fossa near the clavicle,Submental triangle (midline suprahyoid under the chin),Anterior midline lower neck (infrahyoid/pretracheal),,Anterior midline lower neck (infrahyoid/pretracheal),Head & Neck,"Abd El-Aty A, Xu Y, Guo X, Zhang SH, Ma Y, Chen D"
images/PMC6052651_fx6.jpg,Which central neck landmark is shown?,Body of the hyoid bone,Superior thyroid notch,Arch of the cricoid cartilage,Laryngeal prominence (thyroid cartilage),Jugular notch of the manubrium,Laryngeal prominence (thyroid cartilage),Head & Neck,"Abd El-Aty A, Xu Y, Guo X, Zhang SH, Ma Y, Chen D"
images/PMC5516457_OJO-10-117-g001.jpg,Which condition best describes the eyelid asymmetry?,Upper eyelid retraction causing contralateral pseudoptosis,True upper eyelid ptosis (blepharoptosis),Apparent ptosis due to enophthalmos,Lower eyelid ectropion,,True upper eyelid ptosis (blepharoptosis),Eyes,"Mazumdar J, Chakraborti C, Banerjee A, Nandi M"
images/PMC5516457_OJO-10-117-g001.jpg,Which side of the patient shows eyelid drooping?,Patient's right eye (your left),No definite ptosis—apparent asymmetry from head tilt,Patient's left eye (your right),Both eyes equally (bilateral ptosis),,Patient's left eye (your right),Eyes,"Mazumdar J, Chakraborti C, Banerjee A, Nandi M"
images/PMC5977960_gox-6-e1755-g009.jpg,Which auricular subsite has been reconstructed?,Scapha (scaphoid fossa),Cymba conchae (superior conchal bowl),Helical rim—superior third,Tragus,,Helical rim—superior third,Head & Neck,"Sawyer JD, Wilson ML, Neumeister MW"
images/PMC5977960_gox-6-e1755-g009.jpg,When is this picture taken?,1 month postoperative after unsuccessful surgery,1-2 weeks postoperative,Immediately postoperative,1 month postoperative after successful surgery,"Preoperative, after being marked for surgical planning",1-2 weeks postoperative,Head & Neck,"Sawyer JD, Wilson ML, Neumeister MW"
images/PMC6382221_gox-7-e1982-g011.jpg,How is the head and neck aligned relative to the torso?,Mild anterior head carriage (slight forward flexion of the cervical spine),Subtle rotation to the right with slight left side-bending,Cervical hyperextension with chin-up posture,Neutral alignment relative to the trunk (ears roughly over the acromion),,Neutral alignment relative to the trunk (ears roughly over the acromion),Head & Neck,"Taylor LA, Lewis VL Jr"
images/PMC9111728_GEOJ-188-277-g003.jpg,Which description(s) is most suitable for the grip that is being used?,Hook grip,Three-jaw chuck pinch or tripod pinch,Lumbrical grip or plate grip,Spherical grip or cylindrical grip,,Spherical grip or cylindrical grip,Trunk & Extremities,"Phillips R, Seaborne K, Goldsmith A, Curtis N, Davies A, Haynes W, McEnroe R, Murphy N, O'Neill L, Pacey C, Walker E, Wordley E"
images/PMC9111728_GEOJ-188-277-g003.jpg,Which movement is primarily demonstrated by the fifth finger?,"MCP extension, PIP flexion, DIP flexion","MCP extension, PIP extension, DIP extension","MCP flexion, PIP flexion, DIP flexion","MCP flexion, PIP flexion, DIP extension","MCP extension, PIP extension, DIP flexion","MCP flexion, PIP flexion, DIP flexion",Trunk & Extremities,"Phillips R, Seaborne K, Goldsmith A, Curtis N, Davies A, Haynes W, McEnroe R, Murphy N, O'Neill L, Pacey C, Walker E, Wordley E"
images/PMC8432966_10-1055-a-1331-2851-i13312851-0005.jpg,Which abnormality is present on the lip?,Bilateral commissural lip pits at the mouth angles,Fordyce spots on the lower vermilion border,Mucocele of the lower lip (minor salivary gland extravasation cyst),Bilateral paramedian lower-lip pits (congenital labial fistulas),,Bilateral paramedian lower-lip pits (congenital labial fistulas),Mouth & Jaws,Reichel CA
images/PMC8432966_10-1055-a-1331-2851-i13312851-0005.jpg,How are the lesions distributed on the lower lip?,"Unilateral, confined to the left paramedian vermilion","Bilateral but clearly asymmetric, with one lesion near the right commissure and the other at the midline",Single central midline pit only,"Bilateral, roughly symmetrical flanking the midline vermilion",,"Bilateral, roughly symmetrical flanking the midline vermilion",Mouth & Jaws,Reichel CA
images/PMC3208920_JPN-6-11-g001.jpg,Which ocular positioning is present?,Upward deviation with sclera visible below the iris,Conjugate downward gaze without superior scleral show,Downward deviation with sclera visible below the iris,Downward deviation with visible sclera above the iris,,Downward deviation with visible sclera above the iris,Eyes,Venkataramana NK
images/PMC3208920_JPN-6-11-g001.jpg,"In an infant with this finding, what is the most appropriate initial imaging test?",Bedside optic nerve sheath diameter ultrasound,MRI brain with and without contrast (sedation as needed),Non-contrast head CT to evaluate ventricular size,Transfontanelle cranial ultrasound (through the anterior fontanelle),,Transfontanelle cranial ultrasound (through the anterior fontanelle),Head & Neck,Venkataramana NK
images/PMC3183721_JCAS-4-138-g007.jpg,Which surgical approach is most likely?,Retrosigmoid (suboccipital) incision behind the mastoid,Preauricular approach for temporomandibular joint procedures,Postauricular approach for middle ear/mastoid surgery,Modified Blair parotidectomy incision with preauricular–postauricular–cervical extension,Endaural (external ear canal) incision,Postauricular approach for middle ear/mastoid surgery,Surgical & Procedural,Alagirisamy RB
images/PMC3183721_JCAS-4-138-g007.jpg,Which description best matches the scar’s appearance?,No visible scar with normal posterior auricular skin,"Mildly raised, smooth, skin-colored linear hypertrophic scar confined to the incision","Thin, flat, and slightly hypopigmented linear scar along the retroauricular fold",Lobulated keloid extending beyond the incision margins,Hyperpigmented linear scar with mild lobule contracture,"Thin, flat, and slightly hypopigmented linear scar along the retroauricular fold",Skin & Hair,Alagirisamy RB
images/PMC4876305_IJMS-41-249-g002.jpg,Which auricular structure is abnormally shaped?,Conchal bowl (deep cupping with protrusion),Antihelix (prominent third crus - Stahl's ear),Helix (superior rim overfolded/constricted),Lobule (attached lobule),,Helix (superior rim overfolded/constricted),Head & Neck,"Miryounesi M, Dianatpour M, Shadmani Z, Ghafouri-Fard S"
images/PMC4876305_IJMS-41-249-g002.jpg,Which term best describes the auricular deformity seen in the image?,Cryptotia (buried superior pole),Prominent ear due to antihelical fold deficiency,Constricted (cup/lop) ear,Microtia grade II (partial auricular hypoplasia),Stahl’s ear (third crus deformity),Constricted (cup/lop) ear,Head & Neck,"Miryounesi M, Dianatpour M, Shadmani Z, Ghafouri-Fard S"
images/PMC6507382_MEAJO-26-37-g001.jpg,"In subfigure b, which side shows increased palpebral fissure height?",Patient's left eye (viewer’s right),"Both eyes, with left greater than right",Patient's right eye (viewer’s left),Neither eye—apparent change due to gaze/positioning,,Patient's right eye (viewer’s left),Eyes,"Alshamrani AA, Alghulaydhawi FA, Al Shamrani M"
images/PMC6507382_MEAJO-26-37-g001.jpg,"In subfigure b, which diagnosis explains eyelid elevation with mouth opening?",Marcus Gunn jaw-winking (trigemino-oculomotor synkinesis),Marin-Amat syndrome (inverse jaw-winking),Aberrant regeneration of the oculomotor nerve (lid elevation on adduction),Myasthenia gravis with Cogan's lid twitch,,Marcus Gunn jaw-winking (trigemino-oculomotor synkinesis),Eyes,"Alshamrani AA, Alghulaydhawi FA, Al Shamrani M"
images/PMC4749008_ejtm-2014-2-2940-g007.jpg,Which assistive device is shown?,Walker,Axillary crutches,Bilateral offset-handled canes,Forearm crutches,,Forearm crutches,Trunk & Extremities,Kern H
images/PMC4749008_ejtm-2014-2-2940-g007.jpg,How many points of support are in contact with the floor at this moment?,Four (both crutches and both feet),Two (both crutch tips only),Three (both crutches and the left foot),Three (both crutches and the right foot),,Four (both crutches and both feet),Trunk & Extremities,Kern H
images/PMC3955309_DRJ-11-133-g015.jpg,Which best describes the enamel of the maxillary central incisor?,Full-coverage crown restoration present on the maxillary central incisor,Diffuse white bands across anterior teeth compatible with mild fluorosis,White-yellow opacity consistent with enamel hypoplasia/discoloration,"Intact enamel with normal translucency, no detectable defects",Chalky white spot from post-eruptive demineralization (incipient caries),White-yellow opacity consistent with enamel hypoplasia/discoloration,Mouth & Jaws,"Parisay I, Boskabady M, Abdollahi M, Sufiani M"
images/PMC3955309_DRJ-11-133-g015.jpg,Which maxillary anterior alignment finding is most apparent?,"Mild crowding limited to the left lateral incisor, no rotations",Anterior crossbite of incisors with otherwise acceptable alignment,Severe crowding with rotation of maxillary incisors,Generalized anterior spacing/diastema with minimal crowding,Normal incisor alignment with posterior crossbite only,Severe crowding with rotation of maxillary incisors,Mouth & Jaws,"Parisay I, Boskabady M, Abdollahi M, Sufiani M"
images/PMC8446254_gr4.jpg,Which sit-up stabilization is absent in this setup?,Pelvic stabilization provided by a firm plinth,Bilateral foot fixation (under straps or held by an assistant),Lower limbs maintained in full extension to reduce shifting,Arms folded across the chest for self-stabilization,,Bilateral foot fixation (under straps or held by an assistant),Trunk & Extremities,"Zanoni CT, Galvão F, Maria RM, Zulli R, Ricciardi JB, Cliquet A Junior, Saad STO"
images/PMC8446254_gr4.jpg,Which movement of the torso is being performed?,No significant trunk movement—predominantly cervical flexion with the shoulders remaining on the table,Lateral flexion of the trunk to the right with slight rotation,Posterior pelvic tilt (lumbar flexion) flattening the low back into the table,Trunk flexion lifting the shoulders off the table,Axial rotation of the trunk to the left with neutral flexion,Trunk flexion lifting the shoulders off the table,Trunk & Extremities,"Zanoni CT, Galvão F, Maria RM, Zulli R, Ricciardi JB, Cliquet A Junior, Saad STO"
images/PMC7605888_gox-8-e2802-g010.jpg,Which medial eyelid crease pattern is present?,Parallel (separate from the inner canthus),Nasally joining (extends to the inner canthus),Medial flare without joining (creases taper 1–2 mm short of the canthus),No medial crease/indistinct medial limb,,Nasally joining (extends to the inner canthus),Eyes,Chen WP
images/PMC7605888_gox-8-e2802-g010.jpg,Which visible feature suggests an epicanthal fold?,Medial skin fold partially covering the caruncle,Temporal scleral show inferior to the iris margin,Hypertrophic plica semilunaris producing a medial conjunctival curtain,No epicanthus—the caruncle is completely uncovered,,Medial skin fold partially covering the caruncle,Eyes,Chen WP
images/PMC11144659_ijspt_2024_19_6_117773_228793.jpg,Which ankle-foot position is shown in the trailing leg?,Forefoot-only contact with ankle neutral (toe-off without plantarflexion),Heel contact with toes lifted (dorsiflexion at the ankle),Foot just off the ground in swing phase with no weight-bearing,Foot flat with full weight-bearing through the entire sole,"Heel elevated with forefoot contact, indicating plantarflexion of the trailing ankle",Foot just off the ground in swing phase with no weight-bearing,Trunk & Extremities,"Haack C, Zeppieri G, Moser MW"
images/PMC11144659_ijspt_2024_19_6_117773_228793.jpg,Which best describes the movement shown?,Braking into a deep deceleration squat before tapping the blue pod,Backpedaling away from the lit target with a neutral trunk to reposition,Performing a lateral shuffle to the right toward a red pod with an upright torso,Initiating forward acceleration toward the illuminated pod with a slight anterior trunk lean,Loading for a countermovement vertical jump with arms preparing to swing overhead,Initiating forward acceleration toward the illuminated pod with a slight anterior trunk lean,Trunk & Extremities,"Haack C, Zeppieri G, Moser MW"
images/PMC9452792_10.1177_11795476221122649-fig1.jpg,"Across both subfigures, which horizontal eye movement is limited?",Adduction limited in both eyes,Abduction limited in both eyes,Adduction limited in the left eye only,Abduction limited in the right eye only,Horizontal movements normal bilaterally,Abduction limited in both eyes,Eyes,"Srimanan W, Panyakorn S"
images/PMC9452792_10.1177_11795476221122649-fig1.jpg,Which primary-gaze alignment most likely accompanies the deficit shown?,Esotropia,Small-angle intermittent exotropia,Esophoria (latent convergent deviation),Orthotropia (normal primary-gaze alignment),Right hypertropia,Esotropia,Eyes,"Srimanan W, Panyakorn S"
images/PMC5735459_AER-11-1097-g002.jpg,Which anatomical region is most involved in the swelling?,Right carotid triangle of the neck,Right submandibular (digastric) region,Right anterior lower neck over the thyroid region,Right parotid/preauricular region,Right supraclavicular fossa,Right anterior lower neck over the thyroid region,Head & Neck,"Kaur H, Kataria AP, Muthuramalingapandian M, Kaur H"
images/PMC5735459_AER-11-1097-g002.jpg,Which side of the neck shows a prominent swelling?,No obvious asymmetry,"Left (patient’s left, image right)",Midline/thyroid fullness only,"Right (patient’s right, image left)",,"Right (patient’s right, image left)",Head & Neck,"Kaur H, Kataria AP, Muthuramalingapandian M, Kaur H"
images/PMC9425905_10.1177_23259671221117826-fig1.jpg,The circled player's shoulder position is best described as which combination of movements?,Extension and adduction,Hyperextension and abduction,Flexion and adduction,Flexion and abduction,,Hyperextension and abduction,Trunk & Extremities,"Schwab L, Warby S, Davis K, Campbell P, Hoy S, Zbeda R, Hoy G"
images/PMC9425905_10.1177_23259671221117826-fig1.jpg,Which structure is most at risk of injury in the arm position shown?,Long head of biceps tendon within the intertubercular groove,Subscapularis tendon insertion on the lesser tuberosity,Acromioclavicular ligaments,Pectoralis major tendon at the lateral lip of the bicipital groove (humeral insertion),Latissimus dorsi/teres major tendon at the medial lip/floor of the intertubercular groove,Pectoralis major tendon at the lateral lip of the bicipital groove (humeral insertion),Trunk & Extremities,"Schwab L, Warby S, Davis K, Campbell P, Hoy S, Zbeda R, Hoy G"
images/PMC5939180_IJO-66-725-g002.jpg,Which eyelid malposition is present?,Normal lid position,Lower lid entropion,Upper lid ectropion,Upper lid entropion,Upper lid trichiasis without entropion,Upper lid entropion,Eyes,"Gawdat TI, Diab MM"
images/PMC5939180_IJO-66-725-g002.jpg,Which specific feature in the image indicates the malposition?,Upper lid retraction with superior scleral show,Lower lid margin everted away from the globe (inferior ectropion),Inturned upper‑lid lashes that approach but do not contact the cornea,Inturned upper‑lid eyelashes visibly brushing the corneal surface,,Inturned upper‑lid eyelashes visibly brushing the corneal surface,Eyes,"Gawdat TI, Diab MM"
images/PMC3886088_jomr-03-e6-g013.jpg,Which ear structure is least visible?,Cavum conchae,Tragus,External auditory meatus,Lobule,Antihelix,External auditory meatus,Head & Neck,"Charkawi HG, Sharkawy AG"
images/PMC3886088_jomr-03-e6-g013.jpg,Which statement best characterizes the auricle in this image?,"Mild lobule edema only, consistent with uncomplicated cellulitis",Early auricular hematoma limited to the scaphoid fossa,Congenital microtia (grade I) with mild hypoplasia of the helix/tragus,Diffuse cartilaginous pinna swelling consistent with perichondritis,Normal auricle contour without edema or hematoma,Normal auricle contour without edema or hematoma,Head & Neck,"Charkawi HG, Sharkawy AG"
images/PMC5556706_acfs-15-1-g004.jpg,Which statement best characterizes the scars shown?,"Linear, pink, mildly hypertrophic scars along the postauricular (auriculocephalic) sulcus","Early keloid formation with shiny, broad overgrowth extending beyond the incision","Depressed, hypopigmented atrophic scars with contour loss of the helical rim","Mature, flat, hypopigmented scars blending with surrounding postauricular skin",,"Linear, pink, mildly hypertrophic scars along the postauricular (auriculocephalic) sulcus",Head & Neck,"Choi JH, Kim JC, Kim MS, Kim MH, Lee KC, Kim SK"
images/PMC5556706_acfs-15-1-g004.jpg,Which visible feature suggests prior auricular surgery in this ear?,Faint punctate lobule scar from a prior earlobe piercing,No clear abnormality—ear morphology within normal limits,Mild erythema at the external auditory meatus,Subtle linear pink incision scars along the postauricular sulcus,,Subtle linear pink incision scars along the postauricular sulcus,Head & Neck,"Choi JH, Kim JC, Kim MS, Kim MH, Lee KC, Kim SK"
images/PMC5573483_jiufd-049-035-e021.jpg,Which definitive treatment would most likely resolve the lesion shown?,Periodontal debridement and root planing of the adjacent tooth,Incision and drainage of a presumed sebaceous/epidermal inclusion cyst at the site,Oral antibiotics and warm compresses without dental intervention,Surgical excision of the cutaneous sinus tract with primary skin closure,Definitive endodontic therapy of the offending tooth (root canal),Definitive endodontic therapy of the offending tooth (root canal),Skin & Hair,"Dincol ME, Yilmaz B, Ersev H, Mert Gunduz V, Arslanoglu B, Yalcin TY, Ekiz D, Erisen R"
images/PMC5573483_jiufd-049-035-e021.jpg,What is the material inserted into the cutaneous opening near the angle of the mandible?,Endodontic K-file with red handle,Plastic cotton-swab shaft,Gutta-percha point,Segment of red rubber catheter,22-gauge IV cannula,Gutta-percha point,Head & Neck,"Dincol ME, Yilmaz B, Ersev H, Mert Gunduz V, Arslanoglu B, Yalcin TY, Ekiz D, Erisen R"
images/PMC6051962_gr4.jpg,How are the hands and elbows positioned on the support?,Fingertip pinch on the bar with elbows hyperextended,Forearms resting on the rail with minimal hand contact,Neutral-wrist open-palm grip with elbows slightly extended,Supinated fist grip with elbows flexed,Pronated fist grip with elbows flexed,Pronated fist grip with elbows flexed,Trunk & Extremities,"Makwana K, Vijayvargiya M, Agarwal N, Desai K, Shetty V"
images/PMC6051962_gr4.jpg,Which best describes the patient's trunk posture while standing?,Forward lean onto the support,Lateral trunk lean to the right with minimal flexion,Posterior lean away from the support with hips extended,Lateral trunk lean to the left with minimal flexion,"Upright spine with mild thoracic extension, no forward shift",Forward lean onto the support,Trunk & Extremities,"Makwana K, Vijayvargiya M, Agarwal N, Desai K, Shetty V"
images/PMC6677081_IJO-67-1381-g002.jpg,"In subfigure a, with the camera placed to the left of the illumination, which refractive status is indicated by a left-sided crescent?",Hypermetropia in the examined eye,Emmetropia (physiologic glow),Hypermetropia in the fellow eye,Irregular astigmatism without spherical error,Myopia in the examined eye,Hypermetropia in the examined eye,Eyes,"Bhayana AA, Prasad P, Azad SV"
images/PMC6677081_IJO-67-1381-g002.jpg,"In subfigure a, what examination concept is illustrated by the asymmetric red reflex?",Coaxial red-reflex test with direct ophthalmoscope to screen for leukocoria from media opacity,Eccentric photorefraction (Brückner test) demonstrating hypermetropia/anisometropia,Off-axis streak retinoscopy (skiascopy) “crescent sign” suggesting hyperopia,Purkinje image assessment for pseudostrabismus (angle lambda),Hirschberg/Krimsky corneal light reflex estimation of angle kappa or strabismus,Eccentric photorefraction (Brückner test) demonstrating hypermetropia/anisometropia,Eyes,"Bhayana AA, Prasad P, Azad SV"
images/PMC5921451_JCAS-11-42-g002.jpg,In which portion of the ear is the skin defect located?,Cymba concha,Intratragal notch,Superior helical rim,Superior crus of the antihelix,,Superior crus of the antihelix,Head & Neck,"Marcos-Pinto A, Ortins-Pina A, Sanches M, Maia-Silva J"
images/PMC5921451_JCAS-11-42-g002.jpg,Where is the outlined flap located relative to the ear?,Pretragal/preauricular cheek immediately anterior to the tragus,"Postauricular sulcus over the mastoid, directly behind the auricle",Infra-auricular region inferior to the lobule near the mandibular angle,Temporal hairline of the superior preauricular scalp at the helical root,Retrotragal fold just posterior to the tragus within the conchal bowl,Pretragal/preauricular cheek immediately anterior to the tragus,Head & Neck,"Marcos-Pinto A, Ortins-Pina A, Sanches M, Maia-Silva J"
images/PMC6409286_gr4.jpg,Which body region is immobilized with a cast?,Foot and ankle only (cast boot),Thigh and knee (above-knee long-leg cast),Forearm and hand (short arm cast),Lower leg (below-knee short leg cast),No cast present—white stocking or brace only,Lower leg (below-knee short leg cast),Trunk & Extremities,VideoGIE (no author listed)
images/PMC6409286_gr4.jpg,Where is the endoscope being grasped?,At the control head with hand knobs,At the light-guide/umbilical cable connector at the proximal end,At the distal tip entering the cast window,On the insertion tube just proximal to the cast opening,,At the control head with hand knobs,Surgical & Procedural,VideoGIE (no author listed)
images/PMC3906659_JCIS-3-11-g002.jpg,How far does the swelling extend relative to the midline?,Crosses the midline into the left mandibular body but spares the parasymphysis,Crosses the midline to the left parasymphysis,Abuts the midline at the symphysis without crossing,Confined to the right ramus with no anterior spread,Extends only to the right parasymphysis,Crosses the midline to the left parasymphysis,Mouth & Jaws,"Misra SR, Lenka S, Sahoo SR, Mishra S"
images/PMC3906659_JCIS-3-11-g002.jpg,"Which bone is primarily involved, as indicated by the arrows?",Temporal bone (zygomatic process),Right maxilla (alveolar process),Nasal bone,Mandible (ramus to parasymphysis),Zygomatic arch,Mandible (ramus to parasymphysis),Head & Neck,"Misra SR, Lenka S, Sahoo SR, Mishra S"
images/PMC3961892_NJMS-4-181-g011.jpg,Which prior surgical site is most likely involved?,Mandibular angle plating via intraoral vestibular approach,Normal postoperative mucosa without plate exposure,Zygomaticomaxillary buttress (upper jaw) plating,Le Fort I osteotomy fixation at the piriform rim (anterior maxilla),Infraorbital rim plating for zygomaticomaxillary complex fracture,Zygomaticomaxillary buttress (upper jaw) plating,Mouth & Jaws,"Tripathi N, Goyal M, Mishra B, Dhasmana S"
images/PMC3961892_NJMS-4-181-g011.jpg,What complication is visible in the upper buccal vestibule?,Traumatic ulcer of the maxillary buccal mucosa,Retained suture granuloma at the vestibular incision,No significant abnormality (normal postoperative mucosa),Exposed bone sequestrum in the upper vestibule,Mucosal dehiscence with exposed fixation plate/hardware in the upper buccal vestibule,Mucosal dehiscence with exposed fixation plate/hardware in the upper buccal vestibule,Mouth & Jaws,"Tripathi N, Goyal M, Mishra B, Dhasmana S"
images/PMC3665107_Ayu-33-402-g005.jpg,Which lower limb is in swing phase?,Both lower limbs are in the air simultaneously,Neither—this frame shows double-support stance,Patient’s right lower limb,Patient’s left lower limb,,Patient’s left lower limb,Trunk & Extremities,"Jindal N, Shamkuwar MK, Berry S"
images/PMC3665107_Ayu-33-402-g005.jpg,What best describes the trunk alignment while walking?,Extended backward with posterior sway,Erect and midline without lateral tilt,Flexed forward with minimal lateral deviation,Leaning away from the assistant,Leaning toward the assistant,Leaning toward the assistant,Trunk & Extremities,"Jindal N, Shamkuwar MK, Berry S"
images/PMC9364457_JCAS-15-168-g001.jpg,The marked line connects which two anatomic landmarks?,C6 spinous process to the acromioclavicular joint,C7 transverse process to the coracoid process,C7 spinous process to the acromion,C7 spinous process to the scapular spine,T1 spinous process to the lateral end of the clavicle,C7 spinous process to the acromion,Trunk & Extremities,"Supornpun N, Rummaneethorn P, Nararatwanchai T, Saiwichai T, Chaichalotornkul S"
images/PMC9364457_JCAS-15-168-g001.jpg,Which muscle is targeted by the marked Xs on the shoulder?,Supraspinatus,Levator scapulae,Posterior deltoid,Middle trapezius (transverse fibers),Upper trapezius,Upper trapezius,Trunk & Extremities,"Supornpun N, Rummaneethorn P, Nararatwanchai T, Saiwichai T, Chaichalotornkul S"
images/PMC6028199_jer-14-3-430f1.jpg,Where is resistance applied to measure isometric hip abduction/adduction strength?,Over the greater trochanters/iliac crest region to stabilize the pelvis,Directly over the anterior knees at the patellae,On the mid-femoral shaft (mid-thigh) on the medial/lateral sides,Around the ankles using straps on the distal tibia/fibula,"On the distal femur just proximal to the knee joint, applied to the medial and lateral aspects","On the distal femur just proximal to the knee joint, applied to the medial and lateral aspects",Trunk & Extremities,"Yanagisawa O, Taniguchi H"
images/PMC6028199_jer-14-3-430f1.jpg,Which positioning detail minimizes trunk and arm assistance?,Forearms on the lap with elbows tucked to the sides,Hands resting lightly on the thighs (palms up),Leaning back against the chair to stabilize the trunk,Holding the chair seat edge with a relaxed grip,Arms crossed over the chest,Arms crossed over the chest,Trunk & Extremities,"Yanagisawa O, Taniguchi H"
images/PMC4476192_gr2.jpg,Which workstation modification would most directly reduce lower-limb discomfort and circulatory risk?,Increase the gap between the bench and the loom frame by ~15 cm to permit knee extension and toe clearance,Add a padded seat and edge bevel to reduce pressure on the thighs,Move the loom closer to the bench to minimize forward reach and shoulder strain,"Raise the bench height so hips are above knees, keeping knees flexed at ~90°",,Increase the gap between the bench and the loom frame by ~15 cm to permit knee extension and toe clearance,Trunk & Extremities,"Chaman R, Aliyari R, Sadeghian F, Vatani Shoaa J, Masoudi M, Zahedi S, Bakhshi MA"
images/PMC4476192_gr2.jpg,What ergonomic issue is present in front of the worker’s legs?,Inadequate knee clearance,Standing work height enabling periodic weight shifting,"Open leg well allowing full knee extension and forward swing, adequate clearance provided",Raised footrest promoting active ankle dorsiflexion,,Inadequate knee clearance,Trunk & Extremities,"Chaman R, Aliyari R, Sadeghian F, Vatani Shoaa J, Masoudi M, Zahedi S, Bakhshi MA"
images/PMC10351943_gox-11-e5121-g001.jpg,Which term best describes the color change seen at the distal fingertips?,Erythema,Livedo reticularis,Cyanosis,Purpura,,Cyanosis,Trunk & Extremities,"Lee N, Gehring MB, Washington KM"
images/PMC10351943_gox-11-e5121-g001.jpg,Which digits show the most pronounced discoloration?,Ring finger,Thumb,Little finger,Index finger,Middle finger,Little finger,Trunk & Extremities,"Lee N, Gehring MB, Washington KM"
images/PMC9555603_gox-10-e4610-g010.jpg,The patient shown in the figure has most likely had which of the following procedures?,Mohs surgery for a subcentimeter chin lesion,Chin implant or augmentation,Chin reconstruction with a free anterolateral thigh flap,Left-sided orthognathic surgery,,Chin reconstruction with a free anterolateral thigh flap,Head & Neck,"Mernier T, Taveau C, Cetrulo CL Jr, Goutard M, Lellouch AG"
images/PMC9555603_gox-10-e4610-g010.jpg,How does the scar appear in terms of healing and maturity?,Draining sinus with crusting suggestive of active infection,"Mature, relatively flat with minimal erythema","Atrophic, widened and hypopigmented scar with contour depression","Fully remodeled, barely perceptible scar with no erythema or elevation","Early hypertrophic scar—thick, raised ridge with violaceous discoloration","Mature, relatively flat with minimal erythema",Skin & Hair,"Mernier T, Taveau C, Cetrulo CL Jr, Goutard M, Lellouch AG"
images/PMC3201006_CTO-04-19-g-013.jpg,Which portion of the trapezius is palpated above the shoulder?,Transverse part (middle fibers) along the scapular spine,Descending part (upper fibers),Ascending part (lower fibers) toward the inferior angle,No discrete portion—trapezius is palpated equally above the shoulder,,Descending part (upper fibers),Trunk & Extremities,"Freesmeyer WB, Fussnegger MR, Ahlers MO"
images/PMC3201006_CTO-04-19-g-013.jpg,Which nerve primarily provides motor innervation to this muscle?,C3–C4 ventral rami (cervical plexus),Thoracodorsal nerve,Spinal accessory nerve (CN XI),Dorsal scapular nerve,Long thoracic nerve,Spinal accessory nerve (CN XI),Head & Neck,"Freesmeyer WB, Fussnegger MR, Ahlers MO"
images/PMC5759655_acfs-18-269-g005.jpg,Which visible feature best indicates uncomplicated healing?,No visible scar and normal hair density throughout the retroauricular area,"Thin, flat linear scar at the left hairline without surrounding erythema",Patchy alopecia with fine crusting along the right hairline,Slightly raised linear scar with mild persistent redness at the incision,,"Thin, flat linear scar at the left hairline without surrounding erythema",Head & Neck,"Kim JH, Kim DC, Lee R, Shin CH, Han YS, Chung SH, Paik SY"
images/PMC5759655_acfs-18-269-g005.jpg,What change in hair is evident adjacent to the examined area?,"Focal short, stubbly regrowth with localized thinning tracking a linear scar",Well‑circumscribed smooth bald patch consistent with alopecia areata,Diffuse temporal thinning compatible with telogen effluvium,No real abnormality—apparent sparseness due to hair parting/lighting,,"Focal short, stubbly regrowth with localized thinning tracking a linear scar",Skin & Hair,"Kim JH, Kim DC, Lee R, Shin CH, Han YS, Chung SH, Paik SY"
images/PMC8329322_ijspt_2021_16_4_25463_64703.jpg,What directional movement is being performed?,Lateral cut to the right,Backpedal toward the camera with slight leftward drift,Lateral cut to the left,Crossover step to the left,Straight-line acceleration directly away from the camera,Lateral cut to the left,Trunk & Extremities,"Unverzagt C, Andreyo E, Tompkins J"
images/PMC8329322_ijspt_2021_16_4_25463_64703.jpg,Which description best matches the leg positions?,"Deep lunge with both feet on ground, weight primarily on left foot","Deep lunge with both feet on ground, weight primarily on right foot","Deep lunge with both feet on ground, weight balanced between feet",Mid-leap with weight still primarily on right foot,Mid-leap with weight primarily transferred to left foot,Mid-leap with weight still primarily on right foot,Trunk & Extremities,"Unverzagt C, Andreyo E, Tompkins J"
images/PMC6424312_JOCR-8-38-g010.jpg,Which muscles most directly act together to produce the wrist position seen?,Flexor carpi radialis and extensor carpi ulnaris,Extensor carpi radialis longus and brevis,Flexor carpi radialis and flexor carpi ulnaris,Palmaris longus and flexor digitorum superficialis,Pronator teres and palmaris longus,Flexor carpi radialis and flexor carpi ulnaris,Trunk & Extremities,"Elloumi A, Mihoubi M, Abdelkafi M, Kedous MA, Mahjoub S"
images/PMC6424312_JOCR-8-38-g010.jpg,Which wrist movement is demonstrated in the image?,Radial deviation of the wrist,Ulnar deviation of the wrist,Hyperextension of the wrist (dorsal flexion),Palmar flexion of the wrist,Dorsiflexion (wrist extension),Palmar flexion of the wrist,Trunk & Extremities,"Elloumi A, Mihoubi M, Abdelkafi M, Kedous MA, Mahjoub S"
images/PMC11299288_12984_2024_1423_Fig11_HTML.jpg,The adhesive electrodes and leads on the residual limb are most likely used to detect:,Leads for transcutaneous electrical nerve stimulation (TENS) to relieve stump pain,Galvanic skin response (GSR) measuring changes in skin conductance,Mechanomyography (MMG) detecting muscle-contraction vibrations,Transcutaneous electroneurography (ENG) of residual peripheral nerves,Surface electromyography (sEMG) from residual muscles,Surface electromyography (sEMG) from residual muscles,Trunk & Extremities,"Mick S, Marchand C, de Montalivet É, Richer F, Legrand M, Peudpièce A, Fabre L, Huchet C, Jarrassé N"
images/PMC11299288_12984_2024_1423_Fig11_HTML.jpg,What is the likeliest level of the upper limb amputation?,At the wrist,At the shoulder,Trans-humeral,Trans-radial,At the elbow,Trans-humeral,Trunk & Extremities,"Mick S, Marchand C, de Montalivet É, Richer F, Legrand M, Peudpièce A, Fabre L, Huchet C, Jarrassé N"
images/PMC3901907_IJPS-46-256-g020.jpg,What overall hand posture is demonstrated in the image?,Ulnar claw (intrinsic-minus hand),Dupuytren contracture of ring and little fingers,Hand of Benediction (median nerve palsy on making a fist),Volkmann ischemic contracture,Ape hand deformity (thenar wasting with thumb adduction),Ulnar claw (intrinsic-minus hand),Trunk & Extremities,Thomas AG
images/PMC3901907_IJPS-46-256-g020.jpg,Which finger joint positions are shown?,Metacarpophalangeal flexion with interphalangeal hyperextension,All finger joints extended,Metacarpophalangeal hyperextension with proximal interphalangeal flexion and distal interphalangeal hyperextension,Metacarpophalangeal hyperextension with interphalangeal flexion,Metacarpophalangeal neutral with proximal interphalangeal flexion and distal interphalangeal extension,Metacarpophalangeal hyperextension with interphalangeal flexion,Trunk & Extremities,Thomas AG
images/PMC8396371_PGPM-14-1041-g0003.jpg,Which syndrome is suggested by the ear lobe morphology?,Kabuki syndrome,Beckwith–Wiedemann syndrome,Mowat–Wilson syndrome,CHARGE syndrome,Treacher Collins syndrome,Mowat–Wilson syndrome,Head & Neck,"Wei L, Han X, Li X, Han B, Nie W"
images/PMC8396371_PGPM-14-1041-g0003.jpg,Which ear lobule feature is visible?,Downturned lobule with an inferior notch,Attached lobule with a preauricular pit,Uplifted lobule with a central depression,Hypoplastic lobule (microtia),Normal free lobule without deformity,Uplifted lobule with a central depression,Head & Neck,"Wei L, Han X, Li X, Han B, Nie W"
images/PMC6943847_JBPE-9-719-g006.jpg,What loading effect is this knee brace designed to achieve?,"Provide circumferential compression only, without altering compartmental loading",Increase patellofemoral compression during flexion to improve tracking,Unload the medial tibiofemoral compartment via three-point valgus leverage,Offload the lateral compartment via three-point varus leverage,,Unload the medial tibiofemoral compartment via three-point valgus leverage,Trunk & Extremities,"Khosravi M, Arazpour M, Saeedi H, Rezaei M"
images/PMC6943847_JBPE-9-719-g006.jpg,"Based on the hinge and side pad placement, which moment does this knee brace most likely apply?",Varus (adduction) moment,No net unloading moment—pads primarily provide cushioning,Internal tibial rotation torque from the diagonal straps,Valgus moment,Predominantly flexion–extension support with minimal coronal-plane moment,Valgus moment,Trunk & Extremities,"Khosravi M, Arazpour M, Saeedi H, Rezaei M"
images/PMC10324324_ijspt_2023_18_3_74973_158329.jpg,Which description best fits the spinal alignment maintained during the movement?,Neutral spine with minimal axial rotation,Mild lumbar extension (arching) with rotation toward the rowing arm,Subtle thoracic flexion (rounding) with side-bending away from the support hand,Noticeable lateral flexion toward the lifted leg,,Neutral spine with minimal axial rotation,Trunk & Extremities,"Thomas ZM, Wilk KE"
images/PMC10324324_ijspt_2023_18_3_74973_158329.jpg,How many points of contact with the bench are used for support?,"Three (hand, knee, and shin counted as an additional contact)",Two (one hand and one knee),One (only the hand),"Three (hand, knee, and dumbbell assumed to be resting on the bench)",,Two (one hand and one knee),Trunk & Extremities,"Thomas ZM, Wilk KE"
images/PMC10729832_IMCRJ-16-847-g0004.jpg,Which immediate bedside assessment best quantifies the asymmetry between the limbs?,Palpate dorsalis pedis and posterior tibial pulses bilaterally and document differences,Measure limb lengths from the anterior superior iliac spine to the medial malleolus on both sides,Measure circumferences at mid-thigh and mid-calf on both sides,Grade pretibial pitting edema depth after 5 seconds of compression on both legs,Measure circumference only at the visibly most swollen point on the left thigh,Measure circumferences at mid-thigh and mid-calf on both sides,Trunk & Extremities,"Haile A, Mara S, Belete Y, Dejene T"
images/PMC10729832_IMCRJ-16-847-g0004.jpg,Which lower limb appears more swollen?,Left leg of patient,Right leg of patient,Both limbs appear equal in girth,No definite swelling,,Left leg of patient,Trunk & Extremities,"Haile A, Mara S, Belete Y, Dejene T"
images/PMC11438088_12903_2024_4859_Fig6_HTML.jpg,Which observation most suggests macrocephaly?,Head appears smaller than expected for body size,Occipital flattening with average head-to-body ratio,Head appears proportionately broad relative to shoulder width,"Elongated, narrow skull contour with normal shoulder span",Head appears disproportionately broad relative to shoulder width,Head appears disproportionately broad relative to shoulder width,Head & Neck,"Nourbakhsh N, Esfahani EA"
images/PMC11438088_12903_2024_4859_Fig6_HTML.jpg,Which bedside assessment best confirms increased head size?,Measure occipitofrontal head circumference with a nonstretchable tape,Measure biparietal diameter across the parietal eminences with sliding calipers,Compare head circumference to chest circumference at the nipple line,Measure occipitomental circumference from chin to occiput with a tape,Palpate the anterior fontanelle and cranial sutures for bulging or widening,Measure occipitofrontal head circumference with a nonstretchable tape,Head & Neck,"Nourbakhsh N, Esfahani EA"
images/PMC5476608_imcrj-10-193Fig14.jpg,What palatal contour is shown?,Palatal torus (midline bony prominence),"Low, flat palate",High-arched/vaulted palate (with subtle midline depression),Normal palatal vault,Submucous cleft palate,High-arched/vaulted palate (with subtle midline depression),Mouth & Jaws,"Epée E, Beleho D, Bitang AT, Njami VA, Bengondo C, Ebana Mvogo C"
images/PMC6760366_cop-0010-0153-g03.jpg,How does the lower eyelid margin appear?,Focal irregularity with visible retained suture along the margin,Mild eversion with inferior scleral show (early ectropion),Normally apposed to the globe without lash contact,Subtle inversion with lashes touching the cornea (entropion),,Normally apposed to the globe without lash contact,Eyes,"Saifaldein AA, Almahmoudi FH, Babgi RI, Alsammahi AA"
images/PMC6760366_cop-0010-0153-g03.jpg,Which area of the eye shows subtle discoloration?,Medial canthus,Upper eyelid,No appreciable discoloration,Lower eyelid,Lateral canthus,Lower eyelid,Eyes,"Saifaldein AA, Almahmoudi FH, Babgi RI, Alsammahi AA"
images/PMC9718688_ijspt_2022_17_7_39796_103478.jpg,Which type of muscle contraction is predominantly occurring at the shoulders?,Isometric contraction of the shoulder abductors,Eccentric contraction of the shoulder abductors as the arms slowly drift downward,Isometric contraction of the shoulder adductors to resist the chains,Concentric adduction returning the arms toward the sides,Alternating concentric–eccentric abduction during repeated raises,Isometric contraction of the shoulder adductors to resist the chains,Trunk & Extremities,Lorenz D
images/PMC9718688_ijspt_2022_17_7_39796_103478.jpg,Which complication is a notable risk in this posture?,Axillary nerve neuropraxia due to inferior shoulder dislocation,Brachial plexus traction neuropathy,Supraspinatus tendon tear at the greater tuberosity,Ulnar nerve entrapment at the cubital tunnel,No clinically significant neurovascular risk in this posture,Brachial plexus traction neuropathy,Trunk & Extremities,Lorenz D
images/PMC7384504_MEDJ-35-170-f5.jpg,Which surgical approach is suggested by the incision adjacent to the ear?,Submandibular (Risdon) incision for submandibular gland excision,Right retroauricular (postauricular) incision for mastoidectomy,Right preauricular (modified Blair) incision for parotidectomy,Left preauricular incision for temporomandibular joint arthrotomy,,Right preauricular (modified Blair) incision for parotidectomy,Mouth & Jaws,"Eh Dam VSK, Mohamad S, Mohamad I"
images/PMC7384504_MEDJ-35-170-f5.jpg,Which anatomical region in the image shows the postoperative change?,Right zygomaticotemporal scalp region,Right preauricular/parotid area,Left preauricular/parotid area,Right postauricular/mastoid region,Right submandibular/submental triangle,Right preauricular/parotid area,Head & Neck,"Eh Dam VSK, Mohamad S, Mohamad I"
images/PMC8258921_OMJ-36-04-1900165-f7.jpg,Which diagnosis best explains bilateral narrowed palpebral fissures with ptosis?,Congenital Horner syndrome,Severe allergic blepharitis with lid edema,Bilateral ocular myasthenia gravis,Bilateral partial third-nerve palsy,Blepharophimosis-ptosis-epicanthus inversus syndrome (BPES),Blepharophimosis-ptosis-epicanthus inversus syndrome (BPES),Eyes,"Al-Mujaini A, Yahyai MA, Ganesh A"
images/PMC8258921_OMJ-36-04-1900165-f7.jpg,Which medial eyelid feature is indicated by an upward-curving fold toward the medial canthus?,Hypertrophied plica semilunaris,Telecanthus without epicanthus,Epicanthus tarsalis,Lower-lid epiblepharon,Epicanthus inversus,Epicanthus inversus,Eyes,"Al-Mujaini A, Yahyai MA, Ganesh A"
images/PMC7574141_IJO-68-1371-g005.jpg,Which cranial nerve deficit best explains ptosis in subfigure a and outward eye position in subfigure b?,Left trochlear nerve (CN IV),Left oculomotor nerve (CN III),Left abducens nerve (CN VI),Right oculomotor nerve (CN III),Facial nerve (CN VII),Left oculomotor nerve (CN III),Eyes,"Murthy SI, Das S, Deshpande P, Kaushik S, Dave TV, Agashe P, Goel N, Soni A"
images/PMC7574141_IJO-68-1371-g005.jpg,Which muscle’s dysfunction best explains the complete eyelid droop in subfigure a?,Left orbicularis oculi,Right levator palpebrae superioris,Left frontalis,Left superior tarsal (Müller’s) muscle,Left levator palpebrae superioris,Left levator palpebrae superioris,Eyes,"Murthy SI, Das S, Deshpande P, Kaushik S, Dave TV, Agashe P, Goel N, Soni A"
images/PMC10721370_10-1055-s-0043-1775866-i2342145-4.jpg,Which eyelid shows postoperative reconstruction in this image?,No reconstruction—postoperative edema only,Upper eyelid (flap switch alone),Both eyelids reconstructed,Lower eyelid (cheek rotation flap),,Lower eyelid (cheek rotation flap),Eyes,"Karonidis A, Tsallas S, Louros L"
images/PMC10721370_10-1055-s-0043-1775866-i2342145-4.jpg,Which part of this person's face appears to have had prior surgical intervention?,Person's right upper and lower eyelids,Person's left upper and lower eyelids,The forehead,The nasal bridge,,Person's right upper and lower eyelids,Surgical & Procedural,"Karonidis A, Tsallas S, Louros L"
images/PMC8407636_AMS-11-3-g008.jpg,Which visible finding most suggests prior cranial surgery?,Shaved scalps with curvilinear postoperative scars,Soft cervical collars maintaining neutral head alignment,Bilateral postauricular Steri-Strips suggesting recent cranial drains,Left parietal bulge consistent with a subcutaneous VP shunt valve,,Shaved scalps with curvilinear postoperative scars,Head & Neck,Balaji SM
images/PMC8407636_AMS-11-3-g008.jpg,These twins were formerly conjoined. Where were they likely connected?,Chest,Back,Head,Arm,,Head,Head & Neck,Balaji SM
images/PMC9718695_ijspt_2022_17_7_39614_103262.jpg,What type of device is applied to the arm?,Adjustable range-of-motion elbow orthosis (hinged brace),Hinged elbow external fixator,Shoulder immobilizer with abduction pillow,Posterior long-arm splint,,Adjustable range-of-motion elbow orthosis (hinged brace),Trunk & Extremities,"Wilk KE, Thomas ZM, Arrigo CA, Campbell AM, Shahien A, Dugas JR"
images/PMC9718695_ijspt_2022_17_7_39614_103262.jpg,Where is the hinge positioned relative to the elbow?,Anterolateral at the antecubital fossa,Posterolateral near the olecranon,"No hinge visible, brace centered anteriorly",Lateral (radial) side aligned with the joint line,Medial (ulnar) side over the cubital tunnel,Lateral (radial) side aligned with the joint line,Trunk & Extremities,"Wilk KE, Thomas ZM, Arrigo CA, Campbell AM, Shahien A, Dugas JR"
images/PMC3162774_JPN-4-100-g012.jpg,Which skull shape abnormality is evident in this lateral view?,"Brachycephaly (short, broad skull from bicoronal synostosis)",Trigonocephaly (triangular forehead from metopic synostosis),"Scaphocephaly (long, narrow skull)",Turricephaly (tower skull),Normal cranial shape,Turricephaly (tower skull),Head & Neck,"Anantheswar YN, Venkataramana NK"
images/PMC3162774_JPN-4-100-g012.jpg,Which cranial suture is most likely affected by the patient's condition?,Bilateral coronal synostosis,Sagittal synostosis,Right coronal synostosis,Bilateral lambdoid synostosis,Metopic synostosis,Bilateral coronal synostosis,Head & Neck,"Anantheswar YN, Venkataramana NK"
images/PMC7981708_CCR3-9-1060-g006.jpg,What surgical procedure has this patient most likely received?,Cochlear implantation,Attachment of ear prosthesis,Tympanoplasty,Partial surgical exeresis of the auricle,,Partial surgical exeresis of the auricle,Head & Neck,"Pernice C, Murri D, Valli R, Crocetta FM, Iori M, Asti M, Ghidini A, Capponi PC"
images/PMC7981708_CCR3-9-1060-g006.jpg,What deformity is visible on the ear’s helical rim?,Mild notching at the inferior helical rim adjacent to the lobule,No helical rim deformity—only lobule edema,Subtle depression of the scaphoid fossa with an intact rim,Notching at the superior helix rim and triangular fossa,Segmental loss of the mid-helix with exposed cartilage,Notching at the superior helix rim and triangular fossa,Head & Neck,"Pernice C, Murri D, Valli R, Crocetta FM, Iori M, Asti M, Ghidini A, Capponi PC"
images/PMC7584460_rjaa357f1.jpg,What immediate complication is this eye most at risk for?,Retinal detachment secondary to vitreoretinal traction,Central retinal vein occlusion from orbital congestion,Acute angle-closure glaucoma due to pupillary block,Exposure keratopathy from lagophthalmos,,Exposure keratopathy from lagophthalmos,Eyes,"Abouassi M, Aloulou M, Hawa N, Toutounji T, Alyousef S"
images/PMC7584460_rjaa357f1.jpg,Which finding is visible around the cornea?,Conjunctivochalasis (redundant conjunctiva),Subconjunctival hemorrhage,Pterygium (fibrovascular growth onto cornea),Bullous keratopathy (corneal epithelial bullae),Chemosis (conjunctival edema),Chemosis (conjunctival edema),Eyes,"Abouassi M, Aloulou M, Hawa N, Toutounji T, Alyousef S"
images/PMC7021094_bcr-2019-231345f01.jpg,Which description best characterizes the upper-limb abnormality?,Isolated digital amputations from amniotic band sequence with otherwise normal limb segments,"Left-sided upper-limb reduction only, with a near-normal right arm",Bilateral radial longitudinal deficiency with absent thumbs and short radii but preserved wrist‑to‑elbow distance,Severe elbow flexion contractures (arthrogryposis) with normal forearm length and hand size,Bilateral upper-limb reduction with very short forearms and small hands positioned close to the elbows (phocomelia-like pattern),Bilateral upper-limb reduction with very short forearms and small hands positioned close to the elbows (phocomelia-like pattern),Trunk & Extremities,Morrison D
images/PMC7021094_bcr-2019-231345f01.jpg,Which hand/finger finding is most apparent in the left hand?,Ectrodactyly (split-hand with central cleft),Severe brachydactyly with all five digits present,Oligodactyly (fewer than five digits),Syndactyly of adjacent fingers without digit loss,,Oligodactyly (fewer than five digits),Trunk & Extremities,Morrison D
images/PMC8343679_ijcpd-14-323-g004.jpg,What abnormality is present beneath the tongue?,Sublingual ranula (mucocele),Prominent sublingual varices,Lingual tongue-tie (ankyloglossia),Normal lingual frenulum,Hypertrophic mandibular labial frenulum,Lingual tongue-tie (ankyloglossia),Mouth & Jaws,"Goswami M, Sharma S"
images/PMC8343679_ijcpd-14-323-g004.jpg,Which dental condition is most apparent on the posterior teeth in this image?,Older occlusal composite restorations with marginal staining,Molar–incisor hypomineralization (MIH) involving first permanent molars,Extensive dental caries,Heavy supragingival calculus with extrinsic staining,Moderate–severe dental fluorosis with brown mottling,Extensive dental caries,Mouth & Jaws,"Goswami M, Sharma S"
images/PMC10978500_ijcpd-17-89-g006.jpg,What eyelid finding is most evident on the affected side?,Lower eyelid laxity/ectropion with increased inferior show,Lower eyelid retraction with entropion and in-turned lashes,No clear eyelid abnormality—lids appear normally apposed,Upper eyelid ptosis partially covering the pupil,Upper eyelid retraction with superior scleral show,No clear eyelid abnormality—lids appear normally apposed,Eyes,"Shetty NH, Shetty MS, Saha S, Shetty SK, Hussain M"
images/PMC10978500_ijcpd-17-89-g006.jpg,Which stage of ocular prosthesis fabrication is shown?,Final polished acrylic prosthesis,Wax pattern try-in,Clear conformer/scleral shell without iris painting,Custom impression tray with alginate impression in place,,Wax pattern try-in,Eyes,"Shetty NH, Shetty MS, Saha S, Shetty SK, Hussain M"
images/PMC9826694_JOCR-12-22-g005.jpg,Which knee maneuver is being performed?,Valgus stress test at 30° knee flexion (MCL assessment),Lachman test with the knee at 20–30° flexion,Pivot-shift test for anterolateral rotatory instability,Varus stress test at 20–30° knee flexion (LCL assessment),,Valgus stress test at 30° knee flexion (MCL assessment),Trunk & Extremities,"Rai AK, Rathod TN, Mohanty SS"
images/PMC9826694_JOCR-12-22-g005.jpg,Which knee compartment shows gapping in this image?,Medial tibiofemoral compartment,Lateral tibiofemoral compartment,Patellofemoral compartment,No appreciable compartmental gapping,,Medial tibiofemoral compartment,Trunk & Extremities,"Rai AK, Rathod TN, Mohanty SS"
images/PMC6515743_IJMR-149-89-g003.jpg,What is the most likely purpose of this examination?,Palpating for axillary lymph node enlargement,Assessing the Mantoux test site for induration on the forearm,Looking for a smallpox vaccination scar on the deltoid region,Inspecting for a BCG vaccination scar over the upper arm,Evaluating the clavicle for tenderness suggestive of fracture,Inspecting for a BCG vaccination scar over the upper arm,Trunk & Extremities,"Natrajan M, Sridhar R, Narendran G, Ramachandran G, Kumar VV, Tripathy S"
images/PMC6515743_IJMR-149-89-g003.jpg,Which clinical method is being used?,Preparing the right upper arm for intradermal BCG injection,Palpation of the right deltoid area to feel for a scar,Measuring mid–upper-arm circumference with a tape,Direct visual inspection of the left upper-arm (deltoid) skin for a BCG scar,,Direct visual inspection of the left upper-arm (deltoid) skin for a BCG scar,Trunk & Extremities,"Natrajan M, Sridhar R, Narendran G, Ramachandran G, Kumar VV, Tripathy S"
images/PMC4209947_nihms-629939-f0001.jpg,Which limb-shortening pattern is most apparent in the image?,Micromelic (whole limb segments shortened uniformly),Proportionate short stature (no clear limb-segment predominance),Acromelic (hands and feet predominantly small),Rhizomelic (humerus and femur most foreshortened),Mesomelic (forearm and lower leg appear most foreshortened),Rhizomelic (humerus and femur most foreshortened),Trunk & Extremities,"Posey KL, Alcorn JL, Hecht JT"
images/PMC4209947_nihms-629939-f0001.jpg,Which body proportion is shown?,Short trunk with near-normal limb length,Normal proportions without clear disproportion,Proportionate short stature with trunk and limbs equally reduced,Relatively normal trunk with disproportionately short limbs,,Relatively normal trunk with disproportionately short limbs,Trunk & Extremities,"Posey KL, Alcorn JL, Hecht JT"
images/PMC4174163_gox-1-e46-g013.jpg,What neck abnormality is visible in this image?,Posterior cervical cystic hygroma,Webbed neck (pterygium colli),No structural neck abnormality,Midline thyroglossal duct cyst,Short neck due to Klippel–Feil anomaly,Webbed neck (pterygium colli),Head & Neck,"Chaput B, Chavoin JP, Lopez R, Meresse T, Nadon F, Herlin C, Garrido I, Grolleau JL"
images/PMC4174163_gox-1-e46-g013.jpg,Which neck contour is most obscured by the bilateral folds?,Midline posterior nuchal contour at the hairline,Submandibular contour beneath the mandibular angle,Posterolateral border along the trapezius region,Midline anterior neck over the laryngeal cartilages,Anterior border along the sternocleidomastoid,Posterolateral border along the trapezius region,Head & Neck,"Chaput B, Chavoin JP, Lopez R, Meresse T, Nadon F, Herlin C, Garrido I, Grolleau JL"
images/PMC3901907_IJPS-46-256-g006.jpg,Which of the following describes the functional position of the thumb?,Predominant palmar abduction with a wide first web,Thumb opposition with the ring finger,Neutral alignment without meaningful opposition,Partial opposition with adduction toward the index finger,Radial abduction with MCP/IP hyperextension in the plane of the palm,Thumb opposition with the ring finger,Trunk & Extremities,Thomas AG
images/PMC3901907_IJPS-46-256-g006.jpg,Which digit shows signs of prior surgical repair?,Index finger (healed distal tip repair),Middle finger (old nail-bed repair),No digit—no convincing prior surgical repair,Thumb (replantation scar visible),,Thumb (replantation scar visible),Trunk & Extremities,Thomas AG
images/PMC11295862_gr2.jpg,"Across both images, what overall body position is shown?",Supine head-down tilt (Trendelenburg),Supine head-up tilt (Reverse Trendelenburg),Prone head-down tilt on an inversion table,Lateral decubitus with head-down tilt,,Supine head-down tilt (Trendelenburg),Trunk & Extremities,"Ding K, Song F, Qi W, Liu H, Sun M, Xia R"
images/PMC11295862_gr2.jpg,"In the right image, which device is shown?",Recumbent exercise cycle,Supine lumbar traction bench,Adjustable examination stretcher with leg supports,Inversion therapy table,Orthostatic standing tilt table,Inversion therapy table,Trunk & Extremities,"Ding K, Song F, Qi W, Liu H, Sun M, Xia R"
images/PMC2872008_266_2009_9414_Fig5_HTML.jpg,Which facial fold appears softened in the image?,Melolabial (marionette) fold,Labiomental (mentolabial) sulcus,Nasolabial fold,Nasomalar fold,,Nasolabial fold,Head & Neck,"Lemperle G, Sadick NS, Knapp TR, Lemperle SM"
images/PMC2872008_266_2009_9414_Fig5_HTML.jpg,Which intervention most likely produced the smoother appearance of the facial fold?,Barbed thread midface suspension (thread lift),Botulinum toxin A injection to facial depressors,PMMA-based dermal filler (Artecoll) implantation into the fold,Medium-depth trichloroacetic acid chemical peel,,PMMA-based dermal filler (Artecoll) implantation into the fold,Skin & Hair,"Lemperle G, Sadick NS, Knapp TR, Lemperle SM"
images/PMC9262137_194e827f1.jpg,Which sitting posture is shown?,W-sitting,Side sitting to the child's left,"Asymmetric long sitting (one knee extended, other flexed)",Ring sitting,,Ring sitting,Trunk & Extremities,"Haynes V, Hunter T, Ceruti J, Bowley C, Patel R"
images/PMC9262137_194e827f1.jpg,What gross motor milestone is the child demonstrating?,Pulls to stand at furniture,Propped sitting (tripod) with hands down for balance,Sitting with back support against the sofa,Sits independently without upper-extremity support,,Sits independently without upper-extremity support,Trunk & Extremities,"Haynes V, Hunter T, Ceruti J, Bowley C, Patel R"
images/PMC3339071_IJO-60-119-g009.jpg,Where is the lesion relative to the eyelid margin?,2 mm inferior to the lower lid margin on the cutaneous side,At the medial canthus adjacent to the lacrimal punctum,Along the upper eyelid margin at the lash line,Just inside the margin on the palpebral conjunctiva of the lower lid,Abutting the lower eyelid margin at the lash line,Abutting the lower eyelid margin at the lash line,Eyes,"Mukherjee B, Nair AG"
images/PMC3339071_IJO-60-119-g009.jpg,Which description best matches the lesion’s appearance?,Diffuse swelling involving the entire eyelid,"Pedunculated, exophytic/papillomatous nodule on the right lower lid margin","Sessile, smooth dome-shaped nodule (chalazion) of the lower lid","Flat, uniformly pigmented macule without elevation",Linear superficial fissure of the lid skin,"Pedunculated, exophytic/papillomatous nodule on the right lower lid margin",Eyes,"Mukherjee B, Nair AG"
images/PMC6950954_gr4.jpg,What term best describes the eye appearance?,Megalocornea,Exophthalmos (proptosis),Anterior staphyloma,Buphthalmos,,Buphthalmos,Eyes,"Badawi AH, Al-Muhaylib AA, Al Owaifeer AM, Al-Essa RS, Al-Shahwan SA"
images/PMC6950954_gr4.jpg,Which diagnosis is most likely?,X-linked megalocornea (normal intraocular pressure),No significant abnormality (physiologic asymmetry of corneal diameter),Primary congenital glaucoma,Capillary hemangioma of the left orbit causing unilateral proptosis,High axial myopia with apparent globe enlargement,Primary congenital glaucoma,Head & Neck,"Badawi AH, Al-Muhaylib AA, Al Owaifeer AM, Al-Essa RS, Al-Shahwan SA"
images/PMC6177682_acfs-2017-01396f6.jpg,What finding is present?,"Mild, soft nontender fullness over the medial cheek that blanches with pressure",Even malar contour bilaterally with no focal bulges on smiling or palpation,Subtle right-sided descent of the oral commissure compared with the left,Uneven malar contour with focal bulge on right cheek when smiling,Slate‑blue discoloration beneath the lower eyelid without overt swelling,Uneven malar contour with focal bulge on right cheek when smiling,Head & Neck,"Han JH, Kim J, Yoon KC, Shin HW"
images/PMC6177682_acfs-2017-01396f6.jpg,Which cranial nerve (CN) is primarily responsible for the action shown in the image?,Hypoglossal Nerve (CN XII),Facial Nerve (CN VII),Trigeminal Nerve (CN V),Glossopharyngeal Nerve (CN IX),,Facial Nerve (CN VII),Head & Neck,"Han JH, Kim J, Yoon KC, Shin HW"
images/PMC3897109_IJPS-46-581-g007.jpg,What is the primary clinical purpose of the accessory shown?,Occlusive therapy using a frosted lens to manage diplopia,Post-corneal surgery shielding to prevent mechanical trauma,Correction of refractive error only,Occupational eye protection with wraparound polycarbonate lenses,Cosmetic camouflage of a right orbital scar,Cosmetic camouflage of a right orbital scar,Head & Neck,"Gujjalanavar RS, Girish AC"
images/PMC3897109_IJPS-46-581-g007.jpg,What area of the face demonstrates scarring from past surgery?,Center of forehead,Right orbital area,Nose,Left orbital area,,Right orbital area,Head & Neck,"Gujjalanavar RS, Girish AC"
images/PMC3740470_JOVR-08-175f4.jpg,Which eyelid alignment is present?,Normal apposition without eversion,Upper-lid retraction with inferior scleral show,Lower-lid entropion with lashes contacting the cornea,Mild lagophthalmos with a 1–2 mm gap on gentle closure,Near-normal apposition with slight lower-lid eversion temporally,Normal apposition without eversion,Eyes,Fasina O
images/PMC3740470_JOVR-08-175f4.jpg,Which term best describes the eyelids in this view?,Well-reverted and apposed,"Subtle ectropion with prolapsed, ballooning conjunctiva",Neutral lid position without reversion or apposition abnormality,Mild entropion with lashes touching the cornea,Upper eyelid retraction with superior scleral show above the limbus,Well-reverted and apposed,Eyes,Fasina O
images/PMC11407576_IJD-69-366d-g001.jpg,Which scalp region is primarily involved?,Vertex (crown),Frontal hairline/forelock,Retroauricular occipital–mastoid area,Temporo-parietal region superior to the auricle,Preauricular temporal scalp (anterior to the ear),Temporo-parietal region superior to the auricle,Skin & Hair,"Konda D, Reddy M"
images/PMC11407576_IJD-69-366d-g001.jpg,What best describes the hair appearance in the thinned area?,"Normal-caliber hairs of equal length and normal luster, with no true thinning",Fine vellus-like hairs of mostly uniform length with reduced density,"Complete alopecia with a smooth, shiny, atrophic patch","Dry, brittle hairs of variable lengths with reduced density","Oily, thick terminal hairs with adherent greasy scale at the roots","Dry, brittle hairs of variable lengths with reduced density",Skin & Hair,"Konda D, Reddy M"
images/PMC5055031_gox-4-e1069-g010.jpg,"In this patient with history of follicular unit extraction hair transplantation, what is the cause of the horizontal band across the back of the head?",Surgical scar,Skin ulceration,Constriction band syndrome,Normal skin crease due to adipose tissue,,Normal skin crease due to adipose tissue,Skin & Hair,Umar S
images/PMC5055031_gox-4-e1069-g010.jpg,"In this patient with history of follicular unit extraction hair transplantation, which description best matches the hair density pattern across the donor region?",Moderate uniform donor thinning from ear to ear without a discrete band,Broad horizontal band of normal to reduced density centered at the mid‐occiput,Single vertical linear scar with normal surrounding density,Band-like diffuse reduction confined to the inferior nuchal hairline with preserved mid‐occiput,,Broad horizontal band of normal to reduced density centered at the mid‐occiput,Skin & Hair,Umar S
images/PMC6055307_TJO-8-108-g001.jpg,The gaze suggests dysfunction of which cranial nerve?,CN III,CN V,CN VI,CN IV,,CN III,Eyes,"Lee CY, Chen HC, Lin HY, Kao LY"
images/PMC6055307_TJO-8-108-g001.jpg,What is the main cranial nerve being examined here?,CN III,CN V,CN VI,CN IV,,CN III,Eyes,"Lee CY, Chen HC, Lin HY, Kao LY"
images/PMC4073456_AMS-4-24-g011.jpg,Which incision pattern is indicated by the linear scalp hair thinning?,Bicoronal (ear-to-ear) incision across the superior scalp,Midline sagittal incision from frontal hairline to occiput,No discrete incision pattern (diffuse postoperative alopecia),Bilateral postauricular incisions connected by a short temporal segment,,Bicoronal (ear-to-ear) incision across the superior scalp,Skin & Hair,"Sahoo N, Roy ID, Gupta V, Desai AP"
images/PMC4073456_AMS-4-24-g011.jpg,Which finding best decribes the image shown?,External fixator pins are present along the left temporal scalp,Short metallic distraction rods project from the right parietal scalp,A circumferential halo fixation ring encircles the head with frontal posts,"No transcutaneous pins, bars, or frames are visible on the scalp",,"No transcutaneous pins, bars, or frames are visible on the scalp",Skin & Hair,"Sahoo N, Roy ID, Gupta V, Desai AP"
images/PMC7783177_jkaoms-46-379-f4.jpg,"In the left subfigure, is the lateral canthus higher, level, or lower than the medial canthus relative to the white line?",Approximately level with the medial canthus (neutral tilt),Slightly lower than the medial canthus (negative tilt),Slightly higher than the medial canthus (positive tilt),No true tilt—the apparent slope is due to head/camera angle relative to the white reference,,Slightly higher than the medial canthus (positive tilt),Eyes,"Lee JY, Choung HW, Choung PH"
images/PMC7783177_jkaoms-46-379-f4.jpg,Which subfigure shows positive canthal tilt?,Both subfigures,Neither subfigure,Left subfigure,Right subfigure,,Both subfigures,Eyes,"Lee JY, Choung HW, Choung PH"
images/PMC4157265_JPBS-6-185-g001.jpg,Which region shows visible swelling in the photograph?,Right submandibular region,Left parotid tail at the angle of the mandible,No discrete swelling appreciated,Midline submental region,Left submandibular region,Left submandibular region,Head & Neck,"Ahamed AS, Kannan VS, Velaven K, Sathyanarayanan GR, Roshni J, Elavarasi E"
images/PMC4157265_JPBS-6-185-g001.jpg,"Relative to the mandible, where is the swelling centered?","Preauricular, overlying the parotid near the temporomandibular joint",Centered over the angle/ramus of the mandible on the patient's right,Just superior to the mandibular body in the left buccal space,"Midline within the submental triangle, beneath the mandibular symphysis",Inferior to the body of the mandible on the patient's left,Inferior to the body of the mandible on the patient's left,Mouth & Jaws,"Ahamed AS, Kannan VS, Velaven K, Sathyanarayanan GR, Roshni J, Elavarasi E"
images/PMC3700156_NJMS-3-195-g008.jpg,What patient positioning is depicted in this image?,"Frankfort horizontal plane parallel to floor, mouth closed (standard frontal view)",Neck extended with chin elevated (submental/worm's-eye view),Head rotated to the left with slight caudal tilt (oblique submandibular view),Sniffing position: neck flexed with head extended,Neck extended with chin neutral (low-angle frontal view),Neck extended with chin elevated (submental/worm's-eye view),Surgical & Procedural,"Newaskar V, Idrees F, Patel P"
images/PMC3700156_NJMS-3-195-g008.jpg,How is the menton positioned relative to the facial midline?,Deviated toward the patient's left (observer's right),Indeterminate due to projection/neck extension,Deviated toward the patient's right (observer's left),Aligned with the facial midline (≤1 mm),,Aligned with the facial midline (≤1 mm),Mouth & Jaws,"Newaskar V, Idrees F, Patel P"
images/PMC8169025_ijspt_2021_16_3_23549_59306.jpg,"In subfigure A, what is the knee alignment of the stance leg?",Mild dynamic knee valgus (<5°) with patella medial to the second toe,Varus thrust (lateral deviation) during stance,External tibial rotation with lateral patellar tracking over the third toe,Neutral tracking over the foot,,Neutral tracking over the foot,Trunk & Extremities,"Buckthorpe M, Della Villa F"
images/PMC8169025_ijspt_2021_16_3_23549_59306.jpg,"In subfigure B, which tibial alignment relative to the vertical green line is shown?",Tibia reclined posterior to the vertical green line with heels down,Tibia slightly anterior to the vertical green line with heels down,Tibia nearly vertical relative to the green line with heels moderately lifted,Tibia far forward past the vertical green line with heels moderately lifted,Tibia approximately vertical with heels down,Tibia slightly anterior to the vertical green line with heels down,Trunk & Extremities,"Buckthorpe M, Della Villa F"
images/PMC6219348_IJPS-51-123-g014.jpg,Which grip is used to hold the peg?,Tip-to-tip (terminal) pinch,Pad-to-pad (two-point) pinch,Lateral (key) pinch,Three-jaw chuck (tripod) grip,Cylindrical power grip,Three-jaw chuck (tripod) grip,Trunk & Extremities,"Srikanth R, Rayidi KR, Kakumanu S"
images/PMC6219348_IJPS-51-123-g014.jpg,Which digits primarily contact the peg?,Thumb and middle fingertips only,Thumb and lateral side of the index finger only,"Index, middle, and ring fingertips without thumb contact","Thumb, index, and middle fingertips","Thumb, index, and ring fingertips","Thumb, index, and middle fingertips",Trunk & Extremities,"Srikanth R, Rayidi KR, Kakumanu S"
images/PMC4807931_ppa-10-355Fig1.jpg,"Compared with F11, which added detail in F12 best aids auricular morphology assessment?",Relative position of the zygomatic arch to the pinna,Degree of lobule attachment to the cheek skin,Temporal hairline contour superior to the auricle,Helix and antihelix contours of the ear,Apparent tragus projection as a surrogate for conchal depth,Helix and antihelix contours of the ear,Head & Neck,"Shi Q, Zheng H, Hu R"
images/PMC4807931_ppa-10-355Fig1.jpg,"Across F11–F13, what head-and-neck view is shown?",Occipital (posterior) view,Anterior (frontal) view,Anterolateral oblique (three-quarter) view,True lateral (profile) view,Posterolateral oblique view,True lateral (profile) view,Head & Neck,"Shi Q, Zheng H, Hu R"
images/PMC9983399_JOCR-12-88-g013.jpg,Which statement best describes the overall alignment of the digits?,"All five digits are present with near-straight, parallel alignment and no overlap",Middle finger crosses over the adjacent ring finger from residual ulnar deviation,Mild radial deviation produces subtle scissoring of the ring under the middle digit,Index finger appears shortened with loss of the distal phalanx and absent nail,"Soft-tissue bridge persists between the index and middle digits, suggesting partial syndactyly","All five digits are present with near-straight, parallel alignment and no overlap",Trunk & Extremities,"Ambulgekar RK, Ghag NS"
images/PMC9983399_JOCR-12-88-g013.jpg,What is the predominant resting position of the interphalangeal joints in this image?,PIP hyperextension with DIP flexion (swan-neck posture),Slight resting flexion of PIP joints with near-neutral DIP (early clawing),Neutral cascade without clear extension or flexion,Predominantly extended at both PIP and DIP,,Neutral cascade without clear extension or flexion,Trunk & Extremities,"Ambulgekar RK, Ghag NS"
images/PMC11339470_ijcpd-17-136-g004.jpg,In which auricular region are the beads placed?,Scapha (scaphoid fossa along the helix),Cavum conchae (inferior conchal bowl),Triangular fossa (between the crura of the antihelix),Cymba conchae (superior conchal bowl),Superior crus of the antihelix,Triangular fossa (between the crura of the antihelix),Head & Neck,"Sisodia M, Kaur H, Garg N, Choudhary R, Yeluri R"
images/PMC11339470_ijcpd-17-136-g004.jpg,"Relative to the helix rim, the treated points are closest to which ear structure?",Scapha (scaphoid fossa),Cymba concha,Helix root,Crura of antihelix,Tragus,Crura of antihelix,Head & Neck,"Sisodia M, Kaur H, Garg N, Choudhary R, Yeluri R"
images/PMC11299288_12984_2024_1423_Fig13_HTML.jpg,Which grasp pattern is used on the small object?,Lateral key pinch,Precision pinch,Power cylindrical grip,Tripod (three-jaw) pinch,Hook grip,Precision pinch,Trunk & Extremities,"Mick S, Marchand C, de Montalivet É, Richer F, Legrand M, Peudpièce A, Fabre L, Huchet C, Jarrassé N"
images/PMC11299288_12984_2024_1423_Fig13_HTML.jpg,Which torso-mounted device likely supports control or monitoring of the prosthesis?,Soft cervical collar,GoPro-style action camera on a chest mount,Holter ECG recorder with chest straps and lead wires,Chest harness with a central controller and tethered cables,Abdominal binder,Chest harness with a central controller and tethered cables,Trunk & Extremities,"Mick S, Marchand C, de Montalivet É, Richer F, Legrand M, Peudpièce A, Fabre L, Huchet C, Jarrassé N"
images/PMC8365778_10-1055-a-1384-4641-i13844641-0004.jpg,"In subfigure c, where on the ocular surface is the yellow protrusion located?",Superotemporal bulbar conjunctiva adjacent to the lateral fornix,Temporal palpebral (tarsal) conjunctiva of the upper lid margin,Inferior punctum at the medial lower lid,Nasal bulbar conjunctiva adjacent to the caruncle (medial canthus),Superior limbus at 12 o’clock,Superotemporal bulbar conjunctiva adjacent to the lateral fornix,Eyes,"Kisser U, Heichel J, Glien A"
images/PMC8365778_10-1055-a-1384-4641-i13844641-0004.jpg,Which eye position explains the increased prominence of the lesion in subfigure d compared with subfigure c?,Maximal lateral gaze (abduction),Primary (straight) gaze,Upgaze (supraduction),Maximal medial gaze (adduction),,Maximal medial gaze (adduction),Eyes,"Kisser U, Heichel J, Glien A"
images/PMC3901917_IJPS-46-359-g007.jpg,Which description best matches the neck skin and contour?,Moderate redundant skin forming a hanging submental fold,Predominant transverse neck lines with mild laxity,Prominent vertical platysmal bands with otherwise taut skin,Smooth cervical contour without visible folds or laxity,,Predominant transverse neck lines with mild laxity,Head & Neck,Davalbhakta AV
images/PMC3901917_IJPS-46-359-g007.jpg,Which description best fits with the skin findings on the neck?,Submental skin laxity without distinct rhytids,Vertical platysmal banding (midline cords),Transverse cervical rhytids (horizontal neck lines),Anterior neck surgical scar,No appreciable age-related neck change,Transverse cervical rhytids (horizontal neck lines),Skin & Hair,Davalbhakta AV
images/PMC11438088_12903_2024_4859_Fig4_HTML.jpg,Which best describes the lower rib margins?,"Asymmetric flaring—right margin everted, left straight",Retracted subcostal margins with intercostal indrawing,Bilaterally flared,"Normal, straight lower costal margins",,Bilaterally flared,Trunk & Extremities,"Nourbakhsh N, Esfahani EA"
images/PMC11438088_12903_2024_4859_Fig4_HTML.jpg,Which best describes the chest symmetry?,Subtle right-sided anterior chest wall prominence,No focal protrusion—bilaterally even,Subtle left-sided anterior chest wall depression,Centrally protruding sternum with symmetric costal flare,,Centrally protruding sternum with symmetric costal flare,Trunk & Extremities,"Nourbakhsh N, Esfahani EA"
images/PMC7937377_IMCRJ-14-151-g0001.jpg,What does the posture shown most suggest?,Spasticity with rigid hyperextension (UMN lesion),"Parkinsonian rigidity with flexed, stooped posture",Flaccid weakness/hypotonia,Focal dystonic posturing of the right upper limb,,Flaccid weakness/hypotonia,Trunk & Extremities,"Untari NKSD, Kusumastuti K, Suryokusumo G, Sudiana IK"
images/PMC7937377_IMCRJ-14-151-g0001.jpg,What device is the patient seated in?,Rollator walker with seat,Power wheelchair,Manual wheelchair,Transport wheelchair (companion-propelled),Geriatric recliner (geri-chair),Manual wheelchair,Other,"Untari NKSD, Kusumastuti K, Suryokusumo G, Sudiana IK"
images/PMC2872008_266_2009_9414_Fig22_HTML.jpg,Which landmark’s support deficiency is most consistent with the soft-tissue contour above the upper lip?,Left alar base (alare),Labiale superius (upper-lip midpoint),Pronasale (nasal tip),Philtral dimple,Subnasale/columella junction,Subnasale/columella junction,Mouth & Jaws,"Lemperle G, Sadick NS, Knapp TR, Lemperle SM"
images/PMC2872008_266_2009_9414_Fig22_HTML.jpg,"Which anatomical deficit explains the flattened, under-projected midline of the upper lip during smiling?",Columellar retraction due to septal cartilage hypoplasia,Missing anterior nasal spine,Premaxillary deficiency (midface retrusion),Right anterior nasal spine hypoplasia,Mandibular prognathism,Missing anterior nasal spine,Mouth & Jaws,"Lemperle G, Sadick NS, Knapp TR, Lemperle SM"
images/PMC7756823_TJPMR-2020-66-4-452-458-F1.jpg,Which orthosis is seen in the picture?,Boston brace (TLSO),Milwaukee brace (CTLSO),Halo-vest orthosis (halo traction vest),Minerva jacket (CTO),Jewett hyperextension brace (TLSO),Milwaukee brace (CTLSO),Trunk & Extremities,"Saeedi M, Kamyab M, Babaee T, Behtash H, Ganjavian MS"
images/PMC7756823_TJPMR-2020-66-4-452-458-F1.jpg,This brace is primarily intended for which spinal curve level?,Thoracolumbar junction curves (centered at T12–L1),Proximal/upper thoracic curves (apex at or above T8),Isolated lumbar curves (apex L2–L4),Mid-to-lower thoracic curves (apex T9–T12),Multiple ranges,Multiple ranges,Trunk & Extremities,"Saeedi M, Kamyab M, Babaee T, Behtash H, Ganjavian MS"
images/PMC5022134_yptr_a_1125587_f0004_b.jpg,"In the top subfigure, which movement is depicted by the dotted oval?",Abduction–adduction at the hip of the raised limb with minimal pelvic motion,Trunk/pelvic rotation about the lumbosacral axis creating the oval,Circumduction at the hip of the elevated limb (knee extended),Internal–external rotation of the femur at the hip producing the foot’s arc,,Circumduction at the hip of the elevated limb (knee extended),Trunk & Extremities,"Hoffman J, Gabel CP"
images/PMC5022134_yptr_a_1125587_f0004_b.jpg,"In both subfigures, which muscle group stabilizes to prevent lumbar arching?",Hip flexors (iliopsoas and rectus femoris),Lumbar extensors (erector spinae),Deep abdominal stabilizers (transversus abdominis and internal oblique),"No specific stabilizer, lumbar arching is expected in these drills",Gluteus maximus and hamstrings,Deep abdominal stabilizers (transversus abdominis and internal oblique),Trunk & Extremities,"Hoffman J, Gabel CP"
images/PMC4564497_IJPS-48-144-g006.jpg,Which surgical approach is most consistent with the scar’s position and orientation?,Left inframammary anterior thoracic incision,Right anterolateral thoracotomy at the 5th interspace along the anterior axillary line,Short right parasternal mini-sternotomy,Right subcostal (Kocher) incision,Right inframammary anterior thoracic incision,Right inframammary anterior thoracic incision,Surgical & Procedural,"Sharma M, Dudipala RR, Mathew J, Wakure A, Thankappan K, Balasubramaniam D, Iyer S"
images/PMC4564497_IJPS-48-144-g006.jpg,Which description best matches the overall anterior chest wall shape seen?,Asymmetric left costal margin flare,Shallow right parasternal concavity (mild pectus excavatum),"Normal, symmetric anterior chest wall contour",Subtle anterior sternal prominence (early pectus carinatum),,"Normal, symmetric anterior chest wall contour",Trunk & Extremities,"Sharma M, Dudipala RR, Mathew J, Wakure A, Thankappan K, Balasubramaniam D, Iyer S"
images/PMC9178979_10.1177_20552076221104669-fig8.jpg,Which object is held up to the camera?,An oral dosing syringe,A single-use plastic ampule,A nasal spray pump bottle,A small dropper bottle,,A small dropper bottle,Eyes,"Jepsen C, Lüchau EC, Assing Hvidt E, Grønning A"
images/PMC9178979_10.1177_20552076221104669-fig8.jpg,Which detail most strongly indicates a remote consultation?,Home fixtures like cabinets and a doorframe visible behind the child,The caregiver holds the medicine bottle directly up to the camera lens,A small picture-in-picture window showing another room at the bottom of the screen,A dark interface border framing the video image,,A small picture-in-picture window showing another room at the bottom of the screen,Other,"Jepsen C, Lüchau EC, Assing Hvidt E, Grønning A"
images/PMC3597930_jap-5-9-g002.jpg,"Which ear landmark are the three labeled points (T1, T2, T3) positioned on?",Tragus,Antitragus,Anterior crus of antihelix,Root of helix,Intertragic notch,Tragus,Head & Neck,"Kumar S, Garg S, Gupta S"
images/PMC3597930_jap-5-9-g002.jpg,Which structure lies directly posterior to the labeled points?,External auditory canal opening,Mastoid process (tip),Antitragus,Cavum conchae,Temporomandibular joint,External auditory canal opening,Head & Neck,"Kumar S, Garg S, Gupta S"
images/PMC5172486_gox-4-e1178-g018.jpg,"In subfigure A, where is the contour deficit most evident on the left chest?",Superior to the left areola in the infraclavicular fossa,No focal concavity—bilateral chest contour appears symmetric,Lateral to the left nipple along the anterior axillary fold,Medial to the right nipple along the sternal border,Medial to the left nipple towards the sternal border,Medial to the left nipple towards the sternal border,Trunk & Extremities,"Montes JR, Wilson AJ, Chang BL, Percec I"
images/PMC5172486_gox-4-e1178-g018.jpg,"In subfigure A, which side of the chest has reduced volume?",Patient’s right (viewer’s left),Patient’s left (viewer’s right),No appreciable asymmetry,Indeterminate due to lighting/positioning,,Patient’s left (viewer’s right),Trunk & Extremities,"Montes JR, Wilson AJ, Chang BL, Percec I"
images/PMC6811945_ijcpd-12-165-g014.jpg,Which structure appears most anteriorly prominent in the profile shown?,Forehead (frontal eminence),Zygomatic (malar) eminence,Mandibular mentum (chin point),Nasal tip,Maxillary anterior segment (premaxilla/upper jaw),Nasal tip,Head & Neck,"Joybell C, Krishnan R, Kumar S"
images/PMC6811945_ijcpd-12-165-g014.jpg,Which jaw abnormality is present?,Bimaxillary prognathism,Normal anteroposterior jaw relationship,Mandibular prognathism,Maxillary retrognathia (apparent mandibular prognathism),,Mandibular prognathism,Mouth & Jaws,"Joybell C, Krishnan R, Kumar S"
images/PMC5502493_AMS-7-104-g006.jpg,Which auricular landmark is the small projection anterior to the external auditory canal?,Crus of helix,Tragus,Concha,Antitragus,Intertragic notch,Tragus,Head & Neck,"Tomáz FMAF, Borges AH, Borba AM, Volpato LER"
images/PMC5502493_AMS-7-104-g006.jpg,Which clinical assessment is best performed in this view?,Sagittal skeletal class determination using lateral cephalometric radiograph,Right auricular prominence and external ear morphology assessment,Facial soft-tissue profile and anteroposterior jaw relationship (orthodontic assessment),Frontal facial symmetry and midline deviation assessment,Angle malocclusion classification based on molar relationship,Facial soft-tissue profile and anteroposterior jaw relationship (orthodontic assessment),Mouth & Jaws,"Tomáz FMAF, Borges AH, Borba AM, Volpato LER"
images/PMC9017850_JOMFP-26-34-g005.jpg,Which surgical approach corresponds to a scar inferior to the earlobe and posterior to the mandibular angle?,Preauricular temporoparotid (Blair) incision,High submandibular (Risdon) incision near the mandibular angle,Retroauricular (postauricular) rhytidectomy-type incision,Retromandibular (transparotid) incision,,Retromandibular (transparotid) incision,Mouth & Jaws,"Nandini DB, Singh WT, Aparnadevi P, Ningombam DS"
images/PMC9017850_JOMFP-26-34-g005.jpg,Which muscle forms the visible contour at the angle of the mandible?,Medial pterygoid,Masseter,Platysma,Posterior belly of digastric,Buccinator,Masseter,Mouth & Jaws,"Nandini DB, Singh WT, Aparnadevi P, Ningombam DS"
images/PMC7853360_gr1.jpg,"In subfigure A, which torso feature indicates a body-powered prosthesis?",No visible torso hardware—control via residual limb only,Right-sided waist-mounted battery pack,Forearm EMG electrodes with leads routed to the chest,Cable-and-harness crossing the upper back and both shoulders,,Cable-and-harness crossing the upper back and both shoulders,Trunk & Extremities,"Bloomer C, Kontson KL"
images/PMC7853360_gr1.jpg,"In subfigure B, which terminal device is shown?",Three-jaw chuck prehensor,Voluntary-opening split-hook,Quick-release adapter with no terminal device attached,Multi-digit robotic hand,,Multi-digit robotic hand,Trunk & Extremities,"Bloomer C, Kontson KL"
images/PMC4157278_JPBS-6-39-g009.jpg,Which anatomical landmarks are used to measure maximum mouth opening?,Incisal edges of the maxillary and mandibular central incisors,Incisal edge of the maxillary central incisor to the mandibular alveolar ridge,Vermilion borders of the upper and lower lips at the midline,Cusp tips of the maxillary and mandibular canines at the midline,Occlusal surfaces of the right first molars,Incisal edges of the maxillary and mandibular central incisors,Mouth & Jaws,"Paul SA, Karthik AK, Chacko R, Karunya W"
images/PMC4157278_JPBS-6-39-g009.jpg,The technique shown is primarily used to evaluate for which clinical issue?,Mallampati airway classification,Gingival recession depth,Microstomia (reduced oral aperture due to perioral scarring),Trismus (restricted interincisal mouth opening),Ankyloglossia (tongue-tie) severity,Trismus (restricted interincisal mouth opening),Mouth & Jaws,"Paul SA, Karthik AK, Chacko R, Karunya W"
images/PMC8258921_OMJ-36-04-1900165-f9.jpg,Which clinical issue is most likely from the lower-lid findings?,Trichiasis-related corneal ulceration requiring urgent epilation,Corneal irritation or keratopathy from lash contact,No clinically significant abnormality—benign lower-lid fold only,Nasolacrimal duct obstruction with persistent epiphora,Blepharitis/meibomian gland dysfunction causing evaporative dry eye,Corneal irritation or keratopathy from lash contact,Eyes,"Al-Mujaini A, Yahyai MA, Ganesh A"
images/PMC8258921_OMJ-36-04-1900165-f9.jpg,Which eyelid abnormality is shown by the red arrows?,Congenital eyelid coloboma,Prominent epicanthal folds without eyelid malposition,Bilateral lower-lid epiblepharon,Incomplete form of cryptophthalmos,,Bilateral lower-lid epiblepharon,Eyes,"Al-Mujaini A, Yahyai MA, Ganesh A"
images/PMC10781125_gox-12-e5517-g005.jpg,Which closure method predominates along the incision?,Continuous locking non-absorbable skin suture,Simple continuous non-absorbable sutures,Interrupted vertical mattress non-absorbable sutures,Skin staples,,Simple continuous non-absorbable sutures,Surgical & Procedural,"Sachs JP, Dardano AN"
images/PMC10781125_gox-12-e5517-g005.jpg,Which description best characterizes the wound appearance on postoperative day 1?,Purulent yellow drainage with surrounding cellulitis,Well-approximated incision with mild erythema,"Clean, dry, intact wound without erythema or exudate",Nonblanching dusky margins indicating evolving skin-edge necrosis,Partial gaping dehiscence involving the inferior third of the incision,Well-approximated incision with mild erythema,Surgical & Procedural,"Sachs JP, Dardano AN"
images/PMC5288921_IJPS-49-415-g002.jpg,Which movements are being performed simultaneously?,Shoulder abduction with wrist extension,Bilateral elbow extension with finger flexion,Bilateral elbow flexion with finger flexion,Bilateral elbow flexion with finger extension,,Bilateral elbow flexion with finger flexion,Trunk & Extremities,"Rayidi VK, Velde VB, Rao N, Babu NR, Sambari L"
images/PMC5288921_IJPS-49-415-g002.jpg,Which nerves are required to form this position with the hands?,Musculocutaneous nerve predominance,Anterior interosseous nerve alone,Median and ulnar nerves,Radial nerve (posterior interosseous branch),Median and radial nerves,Median and ulnar nerves,Trunk & Extremities,"Rayidi VK, Velde VB, Rao N, Babu NR, Sambari L"
images/PMC7933635_JOCR-10-72-g002.jpg,"In subfigure a, which description best characterizes the right elbow position?",Near full extension (≈15–30° elbow flexion),Near full flexion (≈110–130°),Mild hyperextension (≈–5° to 0°),Neutral position (≈90° elbow flexion),,Near full extension (≈15–30° elbow flexion),Trunk & Extremities,"Adhav HL, Nehete RY, Nehete AR"
images/PMC7933635_JOCR-10-72-g002.jpg,"In subfigure b, which compensatory movement is most evident?",Forearm supination with wrist flexion,Shoulder abduction with forward flexion of the left arm,Shoulder abduction with extension of the left arm,Trunk lateral flexion toward the involved side,Scapular elevation with shoulder adduction,Shoulder abduction with forward flexion of the left arm,Trunk & Extremities,"Adhav HL, Nehete RY, Nehete AR"
images/PMC5402493_JNRP-8-249-g005.jpg,Which cranial feature is most prominent?,Normal head-to-body proportions without cranial bossing,Macrocephaly with predominant occipital bossing,Marked frontal bossing with macrocephaly,Brachycephaly from bilateral coronal synostosis,Dolichocephaly from isolated sagittal synostosis,Marked frontal bossing with macrocephaly,Head & Neck,"Yusuf AS, Omokanye HK, Adeleke NA, Akanbi RO, Ajiboye SO, Ibrahim HG"
images/PMC5402493_JNRP-8-249-g005.jpg,Which visible finding most strongly suggests severe malnutrition?,Diffuse pitting edema of the limbs with relatively preserved fat pads,Normal-appearing subcutaneous fat with retained muscle bulk,"Dry, loose skin with decreased turgor over the abdomen and chest",Marked rib prominence with generalized muscle and fat wasting,Macrocephaly with sparse scalp hair and widened sutures,Marked rib prominence with generalized muscle and fat wasting,Trunk & Extremities,"Yusuf AS, Omokanye HK, Adeleke NA, Akanbi RO, Ajiboye SO, Ibrahim HG"
images/PMC3872620_DRJ-10-713-g011.jpg,Which palatal morphology is visible?,High-arched palate,Torus palatinus,Submucous cleft palate,Palate fistula,,High-arched palate,Mouth & Jaws,"Anuthama K, Prasad H, Ramani P, Premkumar P, Natesan A, Sherlin HJ"
images/PMC3872620_DRJ-10-713-g011.jpg,Is the palate in the picture an intact palate or a cleft palate?,Cannot be determined from this image,Cleft palate,Intact palate,,,Intact palate,Mouth & Jaws,"Anuthama K, Prasad H, Ramani P, Premkumar P, Natesan A, Sherlin HJ"
images/PMC4582593_tre-05-332-7059-1-g010.jpg,"In the right panel, when the hand touches the lower face, how does head/neck position change?",Neck flexes forward markedly with chin approaching chest,Head appears more upright but rotates further away from midline,No obvious change in head/neck alignment apart from hand contact,Head realigns toward midline with reduced tilt/rotation,,Head realigns toward midline with reduced tilt/rotation,Head & Neck,"Broussolle E, Laurencin C, Bernard E, Thobois S, Danaila T, Krack P"
images/PMC4582593_tre-05-332-7059-1-g010.jpg,"In the left panel, left image, which body posture is most prominent?",Forward stoop with thoracic kyphosis,Pelvic obliquity with hip hike,Lateral trunk lean (coronal plane deviation),Cervical lateral flexion without trunk deviation,,Lateral trunk lean (coronal plane deviation),Trunk & Extremities,"Broussolle E, Laurencin C, Bernard E, Thobois S, Danaila T, Krack P"
images/PMC6714924_10.1177_1076029618821184-fig2.jpg,Which side shows more ankle swelling?,No appreciable asymmetry—both ankles appear similarly swollen,Left side of the image shows more prominent peri-malleolar swelling,Right side of the image has greater circumferential ankle edema,The apparent difference is due to foot rotation rather than true edema,,Left side of the image shows more prominent peri-malleolar swelling,Trunk & Extremities,"Ramacciotti E, Agati LB, Aguiar VCR, Wolosker N, Guerra JC, de Almeida RP, Alves JC, Lopes RD, Wakefield TW, Comerota AJ, Walenga J, Fareed J"
images/PMC6714924_10.1177_1076029618821184-fig2.jpg,What is the most appropriate immediate test to confirm the condition suggested by the image?,CT venography of the pelvis and lower extremity to visualize thrombus,Compression venous ultrasound with Doppler of the affected limb,Compression venous ultrasound with Doppler of the contralateral (unaffected) limb,Arterial duplex ultrasound with ankle–brachial index of the affected leg,Quantitative D-dimer assay as the initial and confirmatory test,Compression venous ultrasound with Doppler of the affected limb,Trunk & Extremities,"Ramacciotti E, Agati LB, Aguiar VCR, Wolosker N, Guerra JC, de Almeida RP, Alves JC, Lopes RD, Wakefield TW, Comerota AJ, Walenga J, Fareed J"
images/PMC5495502_10.1177_2325967117711890-fig3.jpg,"In the swing leg, which joint shows the greatest flexion?",Knee (tibiofemoral),Hip (acetabulofemoral),Metatarsophalangeal joints (toes),Ankle (talocrural),,Knee (tibiofemoral),Trunk & Extremities,"Agnvall C, Swärd Aminoff A, Todd C, Jonasson P, Thoreson O, Swärd L, Karlsson J, Baranto A"
images/PMC5495502_10.1177_2325967117711890-fig3.jpg,Which leg is the swing leg for the kick?,Cannot be determined from this single frame,Right leg,Left leg,,,Right leg,Trunk & Extremities,"Agnvall C, Swärd Aminoff A, Todd C, Jonasson P, Thoreson O, Swärd L, Karlsson J, Baranto A"
images/PMC11307015_prm-17-prm220121-g002.jpg,Which type of twins are shown in the image?,None,Fraternal (dizygotic) twins,There is only one person present in the image.,Identical (monozygotic) twins that are conjoined,Identical (monozygotic) twins that are not conjoined,Identical (monozygotic) twins that are conjoined,Trunk & Extremities,"Sheng DL, Arsenault S, Wadekamper M, Smith E"
images/PMC11307015_prm-17-prm220121-g002.jpg,"Based on the image shown, in which approximate anatomic location are the twins conjoined?","Thorax, abdomen, and/or pelvis",Head,Along the dorsal portion of the lower back,The twins are not conjoined,,"Thorax, abdomen, and/or pelvis",Trunk & Extremities,"Sheng DL, Arsenault S, Wadekamper M, Smith E"
images/PMC8016443_ijspt_2021_16_2_21140_53775.jpg,What movement pattern is being performed?,Single-leg medial hop for distance,Single-leg lateral hop for distance,Single-leg lateral bound landing on the opposite foot,Single-leg crossover hop test,,Single-leg lateral hop for distance,Trunk & Extremities,"Ebert JR, Du Preez L, Furzer B, Edwards P, Joss B"
images/PMC8016443_ijspt_2021_16_2_21140_53775.jpg,What is the best way to describe this patient's landing posture?,Knee flexion with slight forward trunk lean and arms used for balance,Near-locked knee with slight forward trunk lean and arms used for balance,Forefoot-only contact with heel elevated despite slight forward trunk lean and arms out,Knee flexion with upright trunk and arms kept close to the sides,Slight knee flexion with backward trunk lean and arms crossing the midline during landing,Knee flexion with slight forward trunk lean and arms used for balance,Trunk & Extremities,"Ebert JR, Du Preez L, Furzer B, Edwards P, Joss B"
images/PMC3633391_MSM-24-242_F7.jpg,Which body habitus pattern is shown?,Slightly underweight with mild abdominal distension,Severe malnutrition with thin extremities and a protuberant abdomen,Normal preschool habitus with normal abdomen,Significant truncal adiposity with relatively slender limbs (Cushingoid pattern),,Slightly underweight with mild abdominal distension,Trunk & Extremities,"Brigic E, Hadzic D, Mladina N"
images/PMC3633391_MSM-24-242_F7.jpg,Which abdominal finding is most evident on the lateral profile?,Localized left upper quadrant fullness suggestive of splenomegaly,Scaphoid abdomen,Normal to slightly protuberant abdomen,Visible ascites with fluid wave,,Normal to slightly protuberant abdomen,Trunk & Extremities,"Brigic E, Hadzic D, Mladina N"
images/PMC5472133_gr1.jpg,Which diagnosis best fits the cheek findings triggered by chewing?,No abnormality (physiologic moisture with chewing),Parotid sialocele from Stensen duct injury,Stensen duct sialolithiasis with mastication-related swelling,Parotid cutaneous fistula due to Stensen duct injury,Frey syndrome (gustatory sweating),Parotid cutaneous fistula due to Stensen duct injury,Head & Neck,"Tall H, Molinier CE, Alshamsi A, Diop EHM, Fraysse B"
images/PMC5472133_gr1.jpg,From which point relative to the ear does the leakage originate?,Over the mastoid tip posterior-inferior to the ear,Inferior to the earlobe and superior to the mandibular angle,Postauricular crease just behind the auricle,Preauricular point immediately anterior to the tragus,,Inferior to the earlobe and superior to the mandibular angle,Head & Neck,"Tall H, Molinier CE, Alshamsi A, Diop EHM, Fraysse B"
images/PMC7891349_JOCD-20-506-g014.jpg,How would the lesion on the foot be best described?,"A flesh-colored, hyperkeratotic papule with a cauliflower-like texture and central punctate hemorrhages (plantar wart)","Non-blanching, violaceous macules and papules, some coalescing into palpable purpura (vasculitis)",Normal appearing skin (no lesion present),"An erythematous, annular plaque with peripheral scaling and central clearing (Tinea pedis or ringworm)",,Normal appearing skin (no lesion present),Trunk & Extremities,"Zorman A, Koron N"
images/PMC7891349_JOCD-20-506-g014.jpg,Which surface of the foot is shown?,Lateral plantar forefoot near the fifth metatarsal head,Posteromedial heel pad over the calcaneus,Dorsal forefoot with great toenail prominent,Medial plantar forefoot adjacent to the hallux sesamoids,,Lateral plantar forefoot near the fifth metatarsal head,Trunk & Extremities,"Zorman A, Koron N"
images/PMC4293832_AMS-4-138-g005.jpg,Which upper lip abnormality is shown?,Cleft lip,Lip ulceration,Laceration of the lip,Complication of aesthetic injection,Herpes virus infection,Cleft lip,Mouth & Jaws,"Lambrecht JT, Kreusch T, Marsh JL, Schopper C"
images/PMC4293832_AMS-4-138-g005.jpg,Which description best characterizes the lip cleft?,Unilateral incomplete cleft lip (does not extend through the entire lip),Unilateral complete cleft lip,Bilateral complete cleft lip,No cleft lip (normal anatomy),,Unilateral complete cleft lip,Mouth & Jaws,"Lambrecht JT, Kreusch T, Marsh JL, Schopper C"
images/PMC6811945_ijcpd-12-165-g026.jpg,Where has the tooth emerged relative to the dental arch?,On the buccal/vestibular side but within the arch,On the lingual/palatal side outside the arch,On the buccal/vestibular side outside the arch,On the lingual/palatal side but in line with the arch,In line with the arch,On the buccal/vestibular side outside the arch,Mouth & Jaws,"Joybell C, Krishnan R, Kumar S"
images/PMC6811945_ijcpd-12-165-g026.jpg,Which alignment issue is most evident in the anterior teeth?,Midline diastema with generalized spacing,Normal alignment,Anterior crossbite (end-to-end incisor relationship),Crowding with overlap,Rotated maxillary lateral incisor without crowding,Crowding with overlap,Mouth & Jaws,"Joybell C, Krishnan R, Kumar S"
images/PMC8673941_10.1177_24730114211019371-fig11.jpg,"Considering both subfigures, which gait pattern is depicted?",Steppage gait from dorsiflexor weakness,Right-sided toe walking with normal heel strike on the left,Bilateral forefoot toe-walking with absent heel strike,Circumduction gait of the right lower limb,,Bilateral forefoot toe-walking with absent heel strike,Trunk & Extremities,"Noori N, Chien B, Zhang Z, Schon J, Hembree W, Schon L"
images/PMC8673941_10.1177_24730114211019371-fig11.jpg,"In subfigure B, which leg is bearing weight?",Right leg,Left leg,Both legs,Neither leg—the subject is airborne,Cannot be determined from this single rear frame,Both legs,Trunk & Extremities,"Noori N, Chien B, Zhang Z, Schon J, Hembree W, Schon L"
images/PMC10583076_bmjgh-2023-012727f05.jpg,Which PPE items are most visible?,Short-sleeved scrub top with hairnet only,Disposable lab coat and face shield,Long-sleeved isolation gown and bouffant surgical cap,Full-body Tyvek coveralls with PAPR hood,,Long-sleeved isolation gown and bouffant surgical cap,Surgical & Procedural,"Samsamshariat T, Madhivanan P, Reyes Fernández Prada A, Moya EM, Meza G, Reinders S, Blas MM"
images/PMC10583076_bmjgh-2023-012727f05.jpg,Imagine that this person is using droplet precautions (e.g. for a respiratory viral infection) when visiting a patient. Which additional item of PPE should be worn?,Sealed goggles or a full face shield (eye protection),Safety helmet,Disposable shoe covers,Ear/hearing protection,,Sealed goggles or a full face shield (eye protection),Surgical & Procedural,"Samsamshariat T, Madhivanan P, Reyes Fernández Prada A, Moya EM, Meza G, Reinders S, Blas MM"
images/PMC3199843_CTO-06-03-g-009.jpg,Which description best matches the ear’s contour?,"Even, continuous protrusion from helix to lobule without segmental contour change",Upper and lower thirds protrude while the middle third is recessed toward the scalp,Isolated lobular protrusion with the rest of the auricle essentially flat,Predominant protrusion of the superior third with the middle and lobule aligned with the mastoid,Middle third bows outward while the superior and inferior thirds lie closer to the scalp,Upper and lower thirds protrude while the middle third is recessed toward the scalp,Head & Neck,"Staindl O, Siedek V"
images/PMC3199843_CTO-06-03-g-009.jpg,Which named auricular deformity is shown?,Constricted (lop) ear,Stahl's ear,Prominent ear,Cryptotia,Telephone ear,Telephone ear,Head & Neck,"Staindl O, Siedek V"
images/PMC5838263_CCR3-6-551-g001.jpg,Which finding is present in this person's eye?,Retained foreign body lodged at the caruncle,Yellow crusting discharge matting the lashes at the medial canthus,Small laceration of the eyelid margin at the medial canthus,Mild ectropion of the lower eyelid with punctal eversion at the medial canthus,Yellow crusting discharge localized to the lateral canthus,Yellow crusting discharge localized to the lateral canthus,Eyes,"Bowling M, Schmutzler T, Glick S"
images/PMC5838263_CCR3-6-551-g001.jpg,Which structure appears most inflamed in the image?,Superior palpebral conjunctiva,Corneal epithelium,Inferior bulbar conjunctiva,Caruncle and medial canthal skin,,Inferior bulbar conjunctiva,Eyes,"Bowling M, Schmutzler T, Glick S"
images/PMC4273169_CTO-13-08-g-003.jpg,Which side of the jaw/neck is primarily affected?,No convincing lateral asymmetry,Predominantly midline/submental involvement,Left (patient's left side / image right side) submandibular region,Right (patient's right side / image left side) submandibular region,,Right (patient's right side / image left side) submandibular region,Head & Neck,"Lang S, Kansy B"
images/PMC4273169_CTO-13-08-g-003.jpg,Which structure is immediately superior to the area of swelling?,Hyoid bone,Inferior border of the mandible,Tail of the parotid gland,Thyroid cartilage,,Inferior border of the mandible,Head & Neck,"Lang S, Kansy B"
images/PMC3800386_NJMS-4-57-g007.jpg,What clinical view is shown in the photograph?,Posterior auricular view,Frontal facial portrait view,Extraoral 45-degree oblique facial view,Extraoral lateral profile view,,Extraoral lateral profile view,Head & Neck,"Bansal P, Singh V, Anand SC, Bansal S"
images/PMC3800386_NJMS-4-57-g007.jpg,Which anterior external ear landmark is used as a reference in this kind of photograph?,Root of helix,Intertragic notch,External acoustic meatus (porion),Antitragus,Tragus,Tragus,Head & Neck,"Bansal P, Singh V, Anand SC, Bansal S"
images/PMC4564497_IJPS-48-144-g002.jpg,Which description best matches the ear’s overall contour?,"Mild superior-third flattening only, with maintained antihelical fold and rim contour","Under-projected, globally flattened auricle with collapse and irregular, poorly defined helix/antihelix",Near-normal symmetric curvature with preserved relief and no framework defect,Over-projected auricle with exaggerated helical rim prominence and deep scapho-conchal sulcus,Localized lobular enlargement and redundancy with otherwise intact sculpted folds,"Under-projected, globally flattened auricle with collapse and irregular, poorly defined helix/antihelix",Head & Neck,"Sharma M, Dudipala RR, Mathew J, Wakure A, Thankappan K, Balasubramaniam D, Iyer S"
images/PMC4564497_IJPS-48-144-g002.jpg,Which postoperative complication of auricular reconstruction is most consistent with the findings?,Chondritis with impending framework exposure,Progressive resorption of the auricular framework,Otitis externa of the canal,Hematoma beneath the postauricular skin flap,Keloid of the reconstructed lobule,Progressive resorption of the auricular framework,Surgical & Procedural,"Sharma M, Dudipala RR, Mathew J, Wakure A, Thankappan K, Balasubramaniam D, Iyer S"
images/PMC5965015_HV-19-36-g007.jpg,Which technique is being performed at the wrist?,Allen test with compression of the radial and ulnar arteries,Tinel sign at the carpal tunnel,Durkan compression test for carpal tunnel syndrome,Palpation of the ulnar pulse at the wrist,Palpation of the radial pulse at the wrist,Palpation of the radial pulse at the wrist,Trunk & Extremities,Hajar R
images/PMC5965015_HV-19-36-g007.jpg,Which artery being is palpated in this photo?,Palmar carpal branch of the radial artery,Dorsal carpal branch of the ulnar artery,Ulnar artery,Radial artery,Superficial palmar arch,Radial artery,Trunk & Extremities,Hajar R
images/PMC3612336_JPBS-5-30-g004.jpg,Which trunk movement is being performed in the wide stance?,Axial trunk rotation toward the lead leg,Lumbar extension (backbend) with increased lordosis,Trunk lateral flexion (side-bending),Forward trunk flexion in the sagittal plane,,Trunk lateral flexion (side-bending),Trunk & Extremities,"Bhatia D, Bejarano T, Novo M"
images/PMC3612336_JPBS-5-30-g004.jpg,"For the central participant, how is the right knee positioned relative to the ankle?",Stacked over the ankle and tracking with the second toe,Drifting outward toward the little toe (varus),Slightly past the toes with anterior tibial translation,Collapsed inward toward the big toe (valgus),,Stacked over the ankle and tracking with the second toe,Trunk & Extremities,"Bhatia D, Bejarano T, Novo M"
images/PMC6753828_JFMPC-8-2732-g001.jpg,Which cranial nerve lesion most likely explains the eyelid appearance?,Left oculomotor nerve (CN III),Right sympathetic pathway (Horner syndrome),Right oculomotor nerve (CN III),Right facial nerve (CN VII),Right trochlear nerve (CN IV),Right oculomotor nerve (CN III),Eyes,Dey A
images/PMC6753828_JFMPC-8-2732-g001.jpg,Which best describes the right eyelid position?,Severe partial ptosis of the right upper lid: a small portion of the pupil remains visible,Complete ptosis of the right upper lid: the lid covers the entire pupil/cornea,Normal right eyelid position: upper lid margin ~1–2 mm below the superior limbus,Right upper lid retraction: upper scleral show above the limbus,,Complete ptosis of the right upper lid: the lid covers the entire pupil/cornea,Eyes,Dey A
images/PMC3776668_bjmg-15-02-73f1.jpg,"In subfigure b, which auricular structural deficiency is suggested?",Antihelical fold deficiency,Isolated lobular macrotia,Superior helical rim collapse,No discrete auricular structural abnormality,Conchal bowl hypertrophy with overprojection,Antihelical fold deficiency,Head & Neck,"Babameto-Laku A, Mokini V, Kuneshka N, Sallabanda S, Ylli Z"
images/PMC3776668_bjmg-15-02-73f1.jpg,"In subfigure a, what auricular abnormality is most apparent?",No obvious auricular abnormality,Low-set auricles,"Cupped, anteverted ear deformity",Left-sided otapostasis only,,"Cupped, anteverted ear deformity",Head & Neck,"Babameto-Laku A, Mokini V, Kuneshka N, Sallabanda S, Ylli Z"
images/PMC8185256_JMNI-21-322-g003.jpg,Which shoulder movement is shown with arms in this position?,Shoulder abduction to approximately 90 degrees in the frontal plane,Shoulder extension to approximately 30 degrees posterior to the trunk,Scaption (elevation in the scapular plane) to approximately 90 degrees,Shoulder flexion to approximately 90-100 degrees (forward elevation),,Shoulder flexion to approximately 90-100 degrees (forward elevation),Trunk & Extremities,"Dogruoz Karatekin B, Sahin SN, İcagasioglu A"
images/PMC8185256_JMNI-21-322-g003.jpg,"If a clinician asks a patient to close their eyes while maintaining their arms in this position, the clinician is assessing for which neurologic exam finding?",Stewart–Holmes rebound test,Romberg sign,Barany past-pointing test,Pronator drift,Dix–Hallpike maneuver,Pronator drift,Trunk & Extremities,"Dogruoz Karatekin B, Sahin SN, İcagasioglu A"
images/PMC4885203_IJD-61-347b-g019.jpg,Which best describes the finger position shown?,PIP flexion with DIP hyperextension (boutonniere configuration),MCP flexion with IP extension (intrinsic-plus position),Isolated DIP flexion with near-neutral MCP and PIP joints,Predominant MCP and PIP flexion creating a claw-like posture,MCP hyperextension with PIP and DIP flexion (ulnar claw),Predominant MCP and PIP flexion creating a claw-like posture,Trunk & Extremities,"Bukharia A, Komal S, Sudhanan VM, Chaudhary SS"
images/PMC4885203_IJD-61-347b-g019.jpg,Where is the thickened skin most concentrated and contracted?,Confined to the distal palmar crease and wrist flexion crease,Primarily over the hypothenar border and ulnar palm,Predominantly on the dorsum of the hand and knuckles,Limited to the fingertips and periungual skin,Central palm with extension onto the thenar eminence,Primarily over the hypothenar border and ulnar palm,Skin & Hair,"Bukharia A, Komal S, Sudhanan VM, Chaudhary SS"
images/PMC7186263_gr2.jpg,Which anatomical location best describes the swelling?,Right supraclavicular fossa,Midline suprasternal notch,Left sternoclavicular joint,Left submandibular triangle,Left supraclavicular fossa,Left supraclavicular fossa,Head & Neck,"Bonomo P, Lucidi S, Desideri I, Scotti V, Casati M, Palomba A, Ciabatti C, Garlatti P, Massi D, Gallo O, Livi L"
images/PMC7186263_gr2.jpg,Which structure is most likely enlarged?,Right supraclavicular lymph node (Virchow's node),External jugular vein varix over the clavicle,Inferior pole nodule of the left thyroid lobe,Tail of the parotid gland extending inferiorly,Left supraclavicular lymph node (Virchow's node),Left supraclavicular lymph node (Virchow's node),Head & Neck,"Bonomo P, Lucidi S, Desideri I, Scotti V, Casati M, Palomba A, Ciabatti C, Garlatti P, Massi D, Gallo O, Livi L"
images/PMC10729832_IMCRJ-16-847-g0020.jpg,Which site is being pressed to demonstrate the edema?,Dorsum of the foot over the metatarsals,Just anterior to the medial malleolus at the ankle,Pretibial area over the medial tibia,Anterolateral leg over the fibular shaft,Over the Achilles tendon proximal to the calcaneus,Pretibial area over the medial tibia,Trunk & Extremities,"Haile A, Mara S, Belete Y, Dejene T"
images/PMC10729832_IMCRJ-16-847-g0020.jpg,How would you best characterize the lower extremity swelling shown in the photo?,Bilateral pedal edema,"Bilateral, symmetric below-the-knee pitting edema","Unilateral, asymmetric, below-the-knee pitting edema",Unilateral pedal edema,,"Bilateral, symmetric below-the-knee pitting edema",Trunk & Extremities,"Haile A, Mara S, Belete Y, Dejene T"
images/PMC4244749_IJO-62-963-g001.jpg,Which neck device is shown?,Rigid cervical collar (such as Philadelphia-type or Miami J rigid cervical collar),No neck device present,Soft foam cervical collar,SOMI (sternal-occipital-mandibular) brace,,Soft foam cervical collar,Head & Neck,"Mukherjee B, Alam MS"
images/PMC4244749_IJO-62-963-g001.jpg,What is the primary clinical purpose of this device?,Definitive immobilization for an unstable cervical fracture,Maintaining airway patency during transport by preventing neck flexion,Reminder-type immobilization and mild support for cervical strain,Providing continuous cervical traction,,Reminder-type immobilization and mild support for cervical strain,Head & Neck,"Mukherjee B, Alam MS"
images/PMC8169007_ijspt_2021_16_3_22085_59525.jpg,"In subfigure (b), which trunk and rib alignment is shown? Assume the left subfigure is subfigure (a) and the right one is subfigure (b).",Backward trunk lean with anterior pelvic tilt and exaggerated lordosis,Ribs stacked over the pelvis with a near-neutral lumbar curve,Slight rib flare with mild lumbar extension while keeping the torso upright,"Ribs down with posterior pelvic tilt and subtle lumbar flexion (""tucked"" position)",,Ribs stacked over the pelvis with a near-neutral lumbar curve,Trunk & Extremities,"Patel S, Amirhekmat A, Le R, Williams Iii RJ, Wang D"
images/PMC8169007_ijspt_2021_16_3_22085_59525.jpg,Which subfigure shows arms tracking the cable path with a neutral trunk? Assume the left subfigure is subfigure (a) and the right one is subfigure (b).,Subfigure (b) — right panel,Both panels — arms track the cable path with a neutral trunk,Neither panel — both show rib flare and increased lordosis,Subfigure (a) — left panel,,Subfigure (b) — right panel,Trunk & Extremities,"Patel S, Amirhekmat A, Le R, Williams Iii RJ, Wang D"
images/PMC5288921_IJPS-49-415-g005.jpg,What finger movement is shown?,Adduction of digits toward the third digit,"No active movement, relaxed hand posture",Hyperextension of the fingers at the MCP joints,Abduction of digits at the metacarpophalangeal joints,Lumbrical action: MCP flexion with IP extension,Abduction of digits at the metacarpophalangeal joints,Trunk & Extremities,"Rayidi VK, Velde VB, Rao N, Babu NR, Sambari L"
images/PMC5288921_IJPS-49-415-g005.jpg,Which muscles primarily produce the finger movement shown?,Dorsal interossei,Palmar interossei,Lumbricals,Extensor digitorum,Abductor digiti minimi,Dorsal interossei,Trunk & Extremities,"Rayidi VK, Velde VB, Rao N, Babu NR, Sambari L"
images/PMC5402517_JNRP-8-313-g004.jpg,"This picture is evaluating the patient's eye movements. Subfigures a and b are evaluating horizontal eye movement. Subfigures c and d are evaluating verticle eye movement. Based on this information, what is the diagnosis for the abnormal eye movement?",Bilateral superior rectus weakness causing isolated upgaze limitation,Vertical gaze palsy with preserved horizontal movements,Parinaud (dorsal midbrain) syndrome limited to upgaze,Bilateral abducens nerve palsy,Internuclear ophthalmoplegia,Vertical gaze palsy with preserved horizontal movements,Eyes,"Mahale RR, Buddaraju K, Mehta A, Javali M, Acharya P, Srinivasa R"
images/PMC5402517_JNRP-8-313-g004.jpg,"This picture is evaluating the patient's eye movements. Subfigures a and b are evaluating horizontal eye movement. Subfigures c and d are evaluating verticle eye movement. Based on this information, which eye movement is normal?",Horizontal smooth pursuit,Vertical conjugate gaze (upgaze and downgaze),Convergence (near response),Eyelid elevation (levator palpebrae),Horizontal conjugate gaze,Horizontal conjugate gaze,Eyes,"Mahale RR, Buddaraju K, Mehta A, Javali M, Acharya P, Srinivasa R"
images/PMC10929313_aoj-08-23-f11.jpg,"Across subfigures A–C, what best describes the knee position?",Mild flexion (approximately 10–20°),Moderate flexion (approximately 20–30°),Minimal flexion (approximately 5–10°),Nearly locked knees (0–5°),Pronounced flexion (approximately 30–45°),Moderate flexion (approximately 20–30°),Trunk & Extremities,"Nyland J, Pyle B, Richards J, Yoshida K, Brey J, Carter S"
images/PMC10929313_aoj-08-23-f11.jpg,What stance is used during the toss?,Shoulder-width parallel stance,Wide parallel athletic stance,Narrow parallel stance (feet close together),Staggered split stance (front foot leading),Wide staggered lunge stance,Wide parallel athletic stance,Trunk & Extremities,"Nyland J, Pyle B, Richards J, Yoshida K, Brey J, Carter S"
images/PMC8258921_OMJ-36-04-1900165-f1.jpg,Which congenital ocular anomaly is shown?,Severe blepharophimosis,Complete cryptophthalmos,Bilateral anophthalmia with absent palpebral fissures,Congenital ankyloblepharon,Partial cryptophthalmos,Complete cryptophthalmos,Eyes,"Al-Mujaini A, Yahyai MA, Ganesh A"
images/PMC8258921_OMJ-36-04-1900165-f1.jpg,What is the best description for the physical exam findings associated with the diagnosis shown in this photo?,Severe periorbital edema with partially closed lids but a discernible eyelid margin and lashes,Diffuse swelling with a faint lateral eyelid crease,Telecanthus with prominent epicanthal folds and intact eyelids,"Continuous skin from forehead to cheek without any palpebral fissure, eyelid margin, or eyelashes",,"Continuous skin from forehead to cheek without any palpebral fissure, eyelid margin, or eyelashes",Eyes,"Al-Mujaini A, Yahyai MA, Ganesh A"
images/PMC7574118_IJO-68-1316-g002.jpg,Which finding is visible along the inferior aspect of the eye?,Inferior bulbar conjunctivitis,Subconjunctival hemorrhage localized to the inferior bulbar conjunctiva,Layered hyphema in the inferior anterior chamber,Mucopurulent discharge crusting on the lower eyelashes,,Inferior bulbar conjunctivitis,Eyes,"Jayadev C, Mahendradas P, Vinekar A, Kemmanu V, Gupta R, Pradhan ZS, D'Souza S, Aroor CD, Kaweri L, Shetty R, Honavar SG, Shetty B"
images/PMC7574118_IJO-68-1316-g002.jpg,Which ocular structure is inflamed?,Episclera,Iris,Cornea,Conjunctiva,Sclera,Conjunctiva,Eyes,"Jayadev C, Mahendradas P, Vinekar A, Kemmanu V, Gupta R, Pradhan ZS, D'Souza S, Aroor CD, Kaweri L, Shetty R, Honavar SG, Shetty B"
images/PMC4807172_aps-43-172-g006.jpg,"In subfigure B, which postoperative outcome is best described?",Bilateral overcorrection with eyelid retraction (MRD1 >=4 mm) and excessive corneal exposure,Bilateral full correction with normal lid height and relaxed brows,"Asymmetric mixed result: right eye overcorrected, left eye undercorrected",Bilateral mild undercorrection with residual ptosis (MRD1 ~2 mm),,Bilateral mild undercorrection with residual ptosis (MRD1 ~2 mm),Surgical & Procedural,"Kim WJ, Park DH, Han DG"
images/PMC4807172_aps-43-172-g006.jpg,"In subfigure A, which compensatory sign aids vision?",Brow elevation due to frontalis recruitment,Brow depression from orbicularis oculi recruitment,Proptosis increasing corneal exposure,Downward gaze to clear the visual axis,,Brow elevation due to frontalis recruitment,Eyes,"Kim WJ, Park DH, Han DG"
images/PMC8169025_ijspt_2021_16_3_23549_59315.jpg,"In subfigure B, what alignment is indicated by the green line?",Medial knee valgus collapse with patella deviating toward the big toe,Neutral knee tracking over the midfoot/second toe,Excessive varus (bowing) with knee lateral to the fifth toe,Tibial internal rotation leading to medial knee-over-foot position,,Neutral knee tracking over the midfoot/second toe,Trunk & Extremities,"Buckthorpe M, Della Villa F"
images/PMC8169025_ijspt_2021_16_3_23549_59315.jpg,Which subfigure shows landing and stabilization with the body centered over the base of support?,Both A and B,B — stabilized landing with COM vertically stacked over the planted foot,A — landing with center of mass within the base of support,Neither — COM remains lateral to the base in both,,B — stabilized landing with COM vertically stacked over the planted foot,Trunk & Extremities,"Buckthorpe M, Della Villa F"
images/PMC4365359_IJMR-140-793-g001.jpg,Which additional sign would most likely accompany a more extensive lesion of the involved nerve on the patient's right?,Isolated inability to abduct the right eye,Loss of corneal sensation on the right,"Fixed, dilated pupil on the right with loss of accommodation",Constricted pupil with facial anhidrosis on the right,,"Fixed, dilated pupil on the right with loss of accommodation",Eyes,"Biswas NM, Pal S"
images/PMC4365359_IJMR-140-793-g001.jpg,Which eyelid in the image shows drooping?,Neither (no true ptosis visible),Right upper eyelid (patient’s right—the eye on the left side of the image),Left upper eyelid (patient’s left—the eye on the right side of the image),Both upper eyelids,,Right upper eyelid (patient’s right—the eye on the left side of the image),Eyes,"Biswas NM, Pal S"
images/PMC4850771_JAPTR-7-64-g005.jpg,Which answer choice best describes the toes shown in the image?,Polydactyly present,Bilateral bunions present,Hypoplasia of multiple toes present,Normal toes,,Hypoplasia of multiple toes present,Trunk & Extremities,"Raheel SA, Kujan OB, Tarakji B, Umar D, Ibrahim S"
images/PMC4850771_JAPTR-7-64-g005.jpg,Which toes show the most marked shortening on both feet?,Normal toes,Halluces (great toes),Second through fifth toes bilaterally,Second toes bilaterally,,Second through fifth toes bilaterally,Trunk & Extremities,"Raheel SA, Kujan OB, Tarakji B, Umar D, Ibrahim S"
images/PMC8547668_MEAJO-28-140-g002.jpg,Which finding about the bulbar conjunctiva and episclera is most evident in this eye?,Sectoral bright-red injection at the nasal bulbar conjunctiva suggesting active episcleritis,Quiet appearance with minimal injection,Well-demarcated subconjunctival hemorrhage in the temporal quadrant,Diffuse perilimbal (ciliary) flush consistent with anterior uveitis,,Quiet appearance with minimal injection,Eyes,"Alnahdi MA, Alasiri AA, Aldebasi TM"
images/PMC8547668_MEAJO-28-140-g002.jpg,Which eyelid/lash finding is present?,Distichiasis with posteriorly emerging accessory lashes on the upper lid,Subtle anterior blepharitis with fine collarettes at lash bases,Single upper-lid trichiasis with a lash touching the cornea,Mild lower-lid cicatricial entropion causing lash-corneal touch,Normal lashes without crusting or inward misdirection,Normal lashes without crusting or inward misdirection,Eyes,"Alnahdi MA, Alasiri AA, Aldebasi TM"
images/PMC3665107_Ayu-33-402-g006.jpg,Which description best fits the arm position during the step shown?,Left arm swing exceeds right with mild left shoulder abduction,"Bilateral near-absent arm swing, both arms kept rigid against the body",Symmetrical mild arm swing with arms at the sides,Asymmetric arm swing: right arm slightly flexed and held close to the torso with reduced swing,,Symmetrical mild arm swing with arms at the sides,Trunk & Extremities,"Jindal N, Shamkuwar MK, Berry S"
images/PMC6554186_gox-7-e2214-g003.jpg,Which findings best describe the position of the person's head in this photo?,"Auricles seem symmetric, but increased submental show indicates slight neck extension","Both auricles are equally visible, but the right lobule sits a few millimeters lower than the left","Only the left auricle is fully visible, suggesting rotation to the right",Both auricles are equally visible and sit at the same vertical level,,"Both auricles are equally visible, but the right lobule sits a few millimeters lower than the left",Head & Neck,"Pellarin L, Santos Bosaipo C, Magalhães Suguri V, Lobato Gregório L, Gregório LC"
images/PMC6554186_gox-7-e2214-g003.jpg,Which finding is seen in the neck region?,No visible bruising or dressings,Subtle right submental ecchymosis,Thin steri-strips across the submental crease,Short transverse midline neck incision with fresh sutures,,No visible bruising or dressings,Head & Neck,"Pellarin L, Santos Bosaipo C, Magalhães Suguri V, Lobato Gregório L, Gregório LC"
images/PMC3203725_0392-100X-31-256-g004c.jpg,Which statement best describes the earlobe appearance in this image?,Left earlobe demonstrates hypertrophic scarring at the lobule–cheek junction,Left earlobe sits in a natural position without inferior tethering (no pixie-ear),Bilateral pixie-ear deformity with inferior elongation of both lobules,Left earlobe shows subtle inferior tethering to the cheek with blunting of the lobule–cheek junction,Left earlobe is posteriorly rotated with mild adherence along the postauricular scar,Left earlobe shows subtle inferior tethering to the cheek with blunting of the lobule–cheek junction,Head & Neck,"Baj A, Beltramini GA, Demarchi M, Combi VA, Giannì AB"
images/PMC3203725_0392-100X-31-256-g004c.jpg,Which neck contour feature is present?,A sharp mentocervical (cervicomental) angle with no submandibular or submental fullness,Mild right submandibular gland prominence effacing the cervicomental angle,Diffuse postoperative neck edema blunting the mandibular border,Submental convexity with early midline platysmal banding,,A sharp mentocervical (cervicomental) angle with no submandibular or submental fullness,Head & Neck,"Baj A, Beltramini GA, Demarchi M, Combi VA, Giannì AB"
images/PMC4917779_asj-10-570-g002.jpg,What is the correct diagnosis for the spine curvature shown in subfigure B?,Kyphosis,Normal curvature of the spine,Dextroscoliosis,Levoscoliosis,,Dextroscoliosis,Trunk & Extremities,"Weiss HR, Moramarco MM, Borysov M, Ng SY, Lee SG, Nan X, Moramarco KA"
images/PMC4917779_asj-10-570-g002.jpg,"In subfigure A, which anatomical region is the patient's right hand touching?",Right scapula (medial border),Upper thoracic spine (T3–T4 spinous processes),Left scapula,Right acromion process,,Right acromion process,Trunk & Extremities,"Weiss HR, Moramarco MM, Borysov M, Ng SY, Lee SG, Nan X, Moramarco KA"
images/PMC4319335_CCD-6-137-g004.jpg,What is the predominant appearance of the oral mucosa?,Reticular whitish keratotic striae/plaques over the palatal rugae,Diffuse erythematous petechiae with superficial oozing,Uniform pale-pink mucosa without focal discoloration,Bluish-purple vascular patches/striae,,Bluish-purple vascular patches/striae,Mouth & Jaws,"Baliah J, Kayalvizhi, Rangdhol V, Livingstone D"
images/PMC4319335_CCD-6-137-g004.jpg,Which intraoral structure is most prominently visible in the image?,Uvula,Maxillary alveolar ridge,Ventral part of the tongue (sublingual),Soft palate,,Ventral part of the tongue (sublingual),Mouth & Jaws,"Baliah J, Kayalvizhi, Rangdhol V, Livingstone D"
images/PMC4807172_aps-43-172-g007.jpg,"In subfigure B (eyes open), what best describes the left upper eyelid position?",Near-normal elevation of the left upper eyelid with MRD1 ~2-3 mm and improved opening,"Persistent mild left ptosis with MRD1 ~0-1 mm, partially covering the pupil",Left upper eyelid retraction with MRD1 ~4-5 mm and superior scleral show,Right lid height near normal while the left remains ptotic due to inadequate suspension,,Near-normal elevation of the left upper eyelid with MRD1 ~2-3 mm and improved opening,Eyes,"Kim WJ, Park DH, Han DG"
images/PMC4807172_aps-43-172-g007.jpg,"In subfigure B (eyes closed), where is the residual opening most apparent?",Central palpebral fissure of the patient's right eye,Lateral canthus of the patient's left eye,No residual opening is visible,Medial canthus of the patient's left eye,Central palpebral fissure of the patient's left eye,Central palpebral fissure of the patient's left eye,Eyes,"Kim WJ, Park DH, Han DG"
images/PMC11438088_12903_2024_4859_Fig10_HTML.jpg,Which dental arch is shown?,Both arches seen in occlusion,Maxillary (upper) arch,Mandibular (lower) arch,Maxillary arch viewed via mouth mirror (appears inverted),,Mandibular (lower) arch,Mouth & Jaws,"Nourbakhsh N, Esfahani EA"
images/PMC11438088_12903_2024_4859_Fig10_HTML.jpg,Which tooth surfaces are primarily visualized in this image?,Occlusal surfaces of the maxillary teeth,Lingual surfaces of the maxillary teeth,Occlusal and lingual surfaces of the mandibular teeth,Buccal surfaces of the mandibular teeth,,Occlusal and lingual surfaces of the mandibular teeth,Mouth & Jaws,"Nourbakhsh N, Esfahani EA"
images/PMC4516066_JIOH-7-96-g002.jpg,Which tooth is erupting high in the labial mucosa?,Supernumerary mesiodens,Mandibular canine,Maxillary first premolar,Maxillary central incisor,Maxillary lateral incisor,Maxillary central incisor,Mouth & Jaws,"Mamatha J, Chaitra KR, Paul RK, George M, Anitha J, Khanna B"
images/PMC4516066_JIOH-7-96-g002.jpg,Which statement best describes the alignment of the mandibular anterior teeth?,Generalized spacing,Uniform alignment of the mandibular anterior teeth with normal contacts,Pronounced crowding with noticeable rotation of the mandibular incisors,Mild to moderate anterior crowding without rotation,,Mild to moderate anterior crowding without rotation,Mouth & Jaws,"Mamatha J, Chaitra KR, Paul RK, George M, Anitha J, Khanna B"
images/PMC9981577_CCR3-11-e7015-g002.jpg,Which lower limb is compensated by an elevated platform shoe?,Neither,Both legs,Patient's right leg,Patient's left leg,,Patient's right leg,Trunk & Extremities,"Mamytova E, Jusupova A, Toktomametova A, Karbozova K, Kadyrova B, Vityala Y, Tagaev T"
images/PMC9981577_CCR3-11-e7015-g002.jpg,What hip/pelvic alignment is visible with the elevated shoe?,Right-sided pelvic elevation (hip hike),Pelvis appears more level,Left-sided pelvic drop (Trendelenburg),Anterior pelvic tilt with increased lumbar lordosis,,Pelvis appears more level,Trunk & Extremities,"Mamytova E, Jusupova A, Toktomametova A, Karbozova K, Kadyrova B, Vityala Y, Tagaev T"
images/PMC6326612_gox-6-e2056-g007.jpg,"In panels A–C, which condition best explains the feet and distal leg findings?",Pretibial myxedema from hypothyroidism,Left lower-limb lymphedema involving the feet,Lipedema sparing the feet and ankles,Chronic venous insufficiency with stasis changes and ankle edema,,Left lower-limb lymphedema involving the feet,Trunk & Extremities,"Cheng MH, Loh CYY, Lin CY"
images/PMC6326612_gox-6-e2056-g007.jpg,Which foot abnormality is the most prominent in these images?,Increased space between the 1st and 2nd toes on the right foot,Charcot deformity of the left foot,"Abnormalities affect the leg, not the foot",Increased space between the 1st and 2nd toes on the left foot,Charcot deformity of the right foot,Increased space between the 1st and 2nd toes on the left foot,Trunk & Extremities,"Cheng MH, Loh CYY, Lin CY"
images/PMC3872620_DRJ-10-713-g010.jpg,"Based on the lateral profile, what best describes the nasal bridge?",Depressed/low nasal bridge (saddle-type),"Apparent depression from midface hypoplasia, but bridge height normal",Normal bridge height with straight dorsum,High/prominent nasal bridge (convex dorsum),,Depressed/low nasal bridge (saddle-type),Head & Neck,"Anuthama K, Prasad H, Ramani P, Premkumar P, Natesan A, Sherlin HJ"
images/PMC3872620_DRJ-10-713-g010.jpg,What best describes the development of the maxilla in this image?,Hypoplastic (underdeveloped) maxilla,Normal-sized maxilla retropositioned (maxillary retrognathia),Normal maxillary development,Normal maxillary development with relative mandibular prognathism,Hyperplastic (overdeveloped) maxilla,Hypoplastic (underdeveloped) maxilla,Mouth & Jaws,"Anuthama K, Prasad H, Ramani P, Premkumar P, Natesan A, Sherlin HJ"
images/PMC5481593_asj-11-390-g002.jpg,Which neck movement is most restricted by the device shown?,Axial rotation at C1–C2 (turning left/right),Cervical flexion and extension (sagittal plane),Lateral flexion (side-bending),Anterior head translation (protraction),,Cervical flexion and extension (sagittal plane),Head & Neck,"Barati K, Arazpour M, Vameghi R, Abdoli A, Farmani F"
images/PMC5481593_asj-11-390-g002.jpg,Which clinical scenario most likely warrants use of this device?,Acute whiplash-associated cervical strain without neurologic deficit,Suspected cervical spine injury/neck trauma,Clavicle fracture after shoulder impact,Thoracic vertebral compression fracture,Mandibular (jaw) fracture requiring external support,Suspected cervical spine injury/neck trauma,Head & Neck,"Barati K, Arazpour M, Vameghi R, Abdoli A, Farmani F"
images/PMC9329080_gox-10-e4453-g009.jpg,Subfigure A: What is the most likely cause of the central anterior neck depression/scar?,Scar from emergency cricothyrotomy at the cricothyroid membrane,Healed tracheostomy,Well-healed low midline thyroidectomy incision with mild tethering,Post-Sistrunk scar after thyroglossal duct cyst excision,,Healed tracheostomy,Head & Neck,"Chaiyasate K, Gupta R, Boudiab EM, Vega D, Hart J, Nossoni F, Lu S, Powers JM, Hobson G, Sachanandani NS"
images/PMC9329080_gox-10-e4453-g009.jpg,"In subfigure B compared to A, how does the anterior neck scar appear?","Appears more linear and vertically oriented, with increased tautness","Becomes faint and flattened, blending into anterior neck folds","Appears oblique, slanting slightly to the right, and broader inferiorly",Migrates laterally toward the left sternocleidomastoid and is less tense,,"Appears more linear and vertically oriented, with increased tautness",Head & Neck,"Chaiyasate K, Gupta R, Boudiab EM, Vega D, Hart J, Nossoni F, Lu S, Powers JM, Hobson G, Sachanandani NS"
images/PMC4943791_1679-4508-eins-13-3-0426-gf01.jpg,Which region shows the most prominent inflammation in the image?,Right submandibular/angle of the mandible region just inferior to the ear,Right posterior auricular/mastoid region behind the ear,Right lateral neck along the anterior border of the sternocleidomastoid muscle,Right preauricular/parotid region anterior to the ear,,Right submandibular/angle of the mandible region just inferior to the ear,Head & Neck,"Rossi Fde S, Silva MF, Kozu KT, Camargo LF, Rossi FF, Silva CA, Campos LM"
images/PMC4943791_1679-4508-eins-13-3-0426-gf01.jpg,"Relative to the ear, where is the erythema and swelling primarily located?",Anterosuperior to the ear over the zygomatic arch,Posterosuperior to the ear over the mastoid,Inferior to the ear over the angle of the mandible,Within the external auditory canal,Posteroinferior to the ear along the sternocleidomastoid,Inferior to the ear over the angle of the mandible,Head & Neck,"Rossi Fde S, Silva MF, Kozu KT, Camargo LF, Rossi FF, Silva CA, Campos LM"
images/PMC4995704_gox-4-e708-g005.jpg,What breast deformation pattern is visible during the maneuver?,No obvious animation deformity - uniform expansion of both breasts,Lateral displacement of the implants with medial flattening/contracture,Medial displacement of the implants with lateral pole tethering and flattening,Predominant superior migration with upper-pole peaking during activation,Inferior descent of the implants with lower-pole bulging,Lateral displacement of the implants with medial flattening/contracture,Trunk & Extremities,"Kobraei EM, Cauley R, Gadd M, Austen WG Jr, Liao EC"
images/PMC4995704_gox-4-e708-g005.jpg,"Based on the dynamic distortion observed, the implants are most likely placed in which plane?",Prepectoral (over the pectoralis major) with acellular dermal matrix support,"Subfascial (beneath the pectoralis fascia, superficial to muscle)",Subcutaneous/pre-mammary (over the pectoralis fascia),Subpectoral (beneath the pectoralis major),,Subpectoral (beneath the pectoralis major),Trunk & Extremities,"Kobraei EM, Cauley R, Gadd M, Austen WG Jr, Liao EC"
images/PMC8811515_gr1.jpg,Which subfigure shows the athlete initiating the drop from the box?,Both A and B,B,A,Neither (initiation occurs during airborne phase),,A,Trunk & Extremities,"Lampros RE, Wiater AL, Tanaka MJ"
images/PMC8811515_gr1.jpg,"In subfigure B, which description best matches the lower-body posture?",Single-leg stance primarily on the left leg with the right toes lightly touching for balance,Upright stance with knees locked in extension and feet close together,Bilateral squat with hips hinged back and knees flexed,Forward lunge with the right foot ahead and the left knee flexed,,Bilateral squat with hips hinged back and knees flexed,Trunk & Extremities,"Lampros RE, Wiater AL, Tanaka MJ"
images/PMC11264825_S2631717620000109_fig5.jpg,In subfigure A what device is the patient wearing?,Exoskeleton,Sports gear,Back brace,External thoracic fixation,,Exoskeleton,Trunk & Extremities,"Chang SE, Pesek T, Pote TR, Hull J, Geissinger J, Simon AA, Alemi MM, Asbeck AT"
images/PMC6457417_AJC-21-107-g001.jpg,What peripheral corneal finding is present in this eye?,Kayser-Fleischer ring (Wilson disease),Posterior embryotoxon,Corneal arcus (arcus senilis),Interpalpebral band keratopathy,No peripheral corneal abnormality,Corneal arcus (arcus senilis),Eyes,"Altunbaş G, Vuruşkan E, Başpınar O, Sucu M"
images/PMC6457417_AJC-21-107-g001.jpg,Which description best matches the ocular abnormality shown in the image?,Gray-white circumferential ring representing fat deposits,Golden-brown pigmented ring at the limbus consistent with copper deposition,Dark brown iron deposition ring encircling the cone in keratoconus,Normal (no abnormality present),Horizontal gray-white calcific band across the interpalpebral cornea,Gray-white circumferential ring representing fat deposits,Eyes,"Altunbaş G, Vuruşkan E, Başpınar O, Sucu M"
images/PMC5442300_RU-55-29890-g004.jpg,Which device is applied to the forearm and hand?,Ulnar gutter hand–forearm splint,Removable short-arm thumb-spica cast,Rigid thermoplastic hand–wrist orthosis with straps,Rigid thermoplastic wrist cock-up orthosis (forearm only) with straps,,Rigid thermoplastic hand–wrist orthosis with straps,Trunk & Extremities,"Prusinowska A, Komorowski A, Sadura-Sieklucka T, Księżopolska-Orłowska K"
images/PMC5442300_RU-55-29890-g004.jpg,Which feature of the device shown could increase injury risk during a forward fall?,Inability to open the hand and absorb impact because the rigid splint fixes the palm,Neutral wrist positioning by the brace reduces distal radius loading on impact,Perforations and strap texture enhance tactile feedback and improve reaction time,Broad palmar padding and rounded edges disperse forces across the hand,,Inability to open the hand and absorb impact because the rigid splint fixes the palm,Trunk & Extremities,"Prusinowska A, Komorowski A, Sadura-Sieklucka T, Księżopolska-Orłowska K"
images/PMC7368473_bcr-2019-232755f01.jpg,"Across subfigures A–C, which diagnosis is most consistent with the findings?",Tonic pupil (Adie’s) affecting the person's left eye,Oculomotor nerve palsy with pupillary involvement affecting the person's left eye,Horner syndrome affecting the person's right eye,Tonic pupil (Adie’s) affecting the person's right eye,,Tonic pupil (Adie’s) affecting the person's left eye,Eyes,"Yamane ML, Perez EL, Moonis G, Odel J"
images/PMC5771944_CCR3-6-109-g002.jpg,What is the most likely diagnosis for the floor of mouth swelling?,Lymphangioma (oral cavity lesion),Dermoid/epidermoid cyst of the floor of mouth,Plunging ranula (cervical extension),Mucous retention cyst (obstructed Wharton’s duct),,Plunging ranula (cervical extension),Mouth & Jaws,"Olojede ACO, Ogundana OM, Emeka CI, Adewole RA, Emmanuel MM, Gbotolorun OM, Ayodele AO, Oluseye SB"
images/PMC5771944_CCR3-6-109-g002.jpg,Which salivary gland is most likely involved?,Accessory parotid gland,Deep lobe of parotid gland,Submandibular gland (Wharton duct),Sublingual gland,Minor glands of the anterior ventral tongue (Blandin-Nuhn),Sublingual gland,Mouth & Jaws,"Olojede ACO, Ogundana OM, Emeka CI, Adewole RA, Emmanuel MM, Gbotolorun OM, Ayodele AO, Oluseye SB"
images/PMC3564104_IJPD-22-425-g002.jpg,Where is the incision located relative to the mouth?,"No visible incision near the mouth, only postoperative swelling","In the nasolabial fold, just medial to the corner of the mouth",Just lateral to the corner of the mouth on the cheek,Under the chin in the submental region,,Just lateral to the corner of the mouth on the cheek,Mouth & Jaws,"Khaleghnejad-Tabari A, Salem K, Ghajar MF"
images/PMC3564104_IJPD-22-425-g002.jpg,What is the orientation of the incision line on the cheek?,"Nearly vertical, parallel to the nasolabial fold",Curvilinear arc tracking around the oral commissure,No discrete linear incision—only a small puncture site,"Horizontally oriented, following a natural skin crease (Langer’s lines)","Oblique, slanting downward from lateral to medial","Horizontally oriented, following a natural skin crease (Langer’s lines)",Head & Neck,"Khaleghnejad-Tabari A, Salem K, Ghajar MF"
images/PMC4097904_IJY-7-160-g004.jpg,What does the level of assistance suggest about the patient's current functional status?,Household-distance ambulation with a single-point cane under stand-by assistance,Supervised hallway ambulation requiring contact-guard assist from one person,Early mobilization requiring two-person hands-on assist for safety,"Two-person stand-by assist for confidence only, no hands-on support",Independent community ambulation without device,Early mobilization requiring two-person hands-on assist for safety,Trunk & Extremities,"Ebnezar J, Yogitha Bali M, John R, Gupta O"
images/PMC4097904_IJY-7-160-g004.jpg,How is the patient being assisted during ambulation?,Independent ambulation with standby supervision only,Using a front-wheeled walker with contact guard assist,Hand-held assistance from one attendant on the left,Hand-held assistance from attendants on both sides,,Hand-held assistance from attendants on both sides,Trunk & Extremities,"Ebnezar J, Yogitha Bali M, John R, Gupta O"
images/PMC3443699_shaw-3-235-g004.jpg,What airborne exposure is most likely present in this scene?,Diesel engine exhaust particulates,"Respirable mineral dust (e.g, asbestos)",Fine wood sawdust aerosol,Fiberglass-reinforced plastic dust,,"Respirable mineral dust (e.g, asbestos)",Other,"Phanprasit W, Sujirarat D, Musigapong P, Sripaiboonkij P, Chaikittiporn C"
images/PMC7815661_JOCR-10-86-g005.jpg,"In the subfigure on the left side of the image, are both elbows flexed symmetrically?",No—the person's right elbow is slightly less flexed than the left,Yes—bilateral elbow flexion appears symmetric,Indeterminate—the camera angle and forearm rotation obscure true flexion symmetry,No—the person's left elbow remains partially extended,,Yes—bilateral elbow flexion appears symmetric,Trunk & Extremities,"Sankhla SL, Joshi P, Singh D"
images/PMC7815661_JOCR-10-86-g005.jpg,"In the subfigure on the left side of the image, which elbow movement is demonstrated?",Wrist dorsiflexion,Shoulder internal rotation,Elbow extension,Forearm pronation,Elbow flexion,Elbow flexion,Trunk & Extremities,"Sankhla SL, Joshi P, Singh D"
images/PMC3304204_NJMS-1-143-g021.jpg,Which facial/jaw feature is best documented in this view?,Anteroposterior soft-tissue facial profile (maxillary/mandibular projection),Left-right facial symmetry and chin midline position,Maxillary occlusal plane cant and transverse width,Interpupillary/intercanthal distances and zygomatic width,,Anteroposterior soft-tissue facial profile (maxillary/mandibular projection),Mouth & Jaws,"Katiyar R, Singh GK, Mehrotra D, Singh A"
images/PMC3304204_NJMS-1-143-g021.jpg,What is the orientation of the image?,Extraoral left three-quarter (oblique) facial view,Posterior–anterior facial view,Lateral cephalometric radiograph,Extraoral lateral profile view,,Extraoral lateral profile view,Head & Neck,"Katiyar R, Singh GK, Mehrotra D, Singh A"
images/PMC9840758_wjps-11-95-g003.jpg,What best describes the position of the right thumb?,IP joint hyperextension with neutral MCP position,Slight MCP flexion in otherwise neutral position,Full MCP/IP extension with radial abduction,Neutral MCP with radial abduction,,Slight MCP flexion in otherwise neutral position,Trunk & Extremities,"Afshar A, Tabrizi A"
images/PMC9840758_wjps-11-95-g003.jpg,Which fingers are most prominently enlarged?,Second (index) fingers,Fifth (small) fingers,Fourth (ring) fingers,Third (middle) fingers,Thumbs,Fourth (ring) fingers,Trunk & Extremities,"Afshar A, Tabrizi A"
images/PMC9512239_prs-150-877-g004.jpg,"Comparing the two panels, what is the most evident change in the eyebrows?","Subtle decrease in overall density with new gaps, especially medially on the left",No significant density change—only mild darkening of brow color,Marked increase in hair density bilaterally with better symmetry of arches,Right eyebrow appears thicker while the left remains patchy with persistent asymmetry,Thinning of the reconstructed eyebrows with shortening of the tails,Marked increase in hair density bilaterally with better symmetry of arches,Eyes,"Chen J, Qu Q, Ye K, Fan Z, Wang J, Liu B, Chen R, Hu Z, Miao Y"
images/PMC9512239_prs-150-877-g004.jpg,Where is the person's scar located in this image?,Across the nasal bridge,Left side of forehead,Person's right side of forehead,"Change in texture is due to a bandage, not scarring",Under the person's left eye,Left side of forehead,Head & Neck,"Chen J, Qu Q, Ye K, Fan Z, Wang J, Liu B, Chen R, Hu Z, Miao Y"
images/PMC3884542_CTO-12-07-g-033.jpg,In which ear structure is the lesion located in this image?,Superior crus of the antihelix,Ear lobe,Cymba conchae,Intratragal notch,,Superior crus of the antihelix,Head & Neck,"Gubisch W, Dacho A"
images/PMC3884542_CTO-12-07-g-033.jpg,Which part of the auricle is pierced?,Intertragic notch,Cavum conchae,Lobule,Tragus,Antitragus,Lobule,Head & Neck,"Gubisch W, Dacho A"
images/PMC7398816_aps-2018-01165f2.jpg,"In subfigure A, which auricular region appears underdeveloped?",Scaphoid fossa (scapha),Upper helical rim,Helical root,Superior antihelical crus,,Upper helical rim,Head & Neck,"Lee JS, Kim JS, Lee JW, Choi KY, Yang JD, Chung HY, Cho BC"
images/PMC7398816_aps-2018-01165f2.jpg,"In subfigure B, which is the best description of the lower two-thirds of the auricle?",An intact superior helix with normal scaphoid fossa but a poorly defined lobule is seen,"The tragus and conchal bowl are blunted, indicating involvement of the lower third",Only mild helical rim notching is present without preservation of the lobule or antihelix,A well-formed lobule and antihelix are visible,,A well-formed lobule and antihelix are visible,Head & Neck,"Lee JS, Kim JS, Lee JW, Choi KY, Yang JD, Chung HY, Cho BC"
images/PMC7818415_JOCD-20-6-g011.jpg,Which periocular finding is most prominent?,Lower eyelid fat prolapse (under-eye bag),Malar festoons/edema,Tear-trough deformity (nasojugal groove hollowing),Lower eyelid retraction with scleral show,Upper eyelid dermatochalasis,Lower eyelid fat prolapse (under-eye bag),Eyes,"Anido J, Fernández JM, Genol I, Ribé N, Pérez Sevilla G"
images/PMC7818415_JOCD-20-6-g011.jpg,How would you best describe the skin of the lower eyelid in this image?,"Lax, finely wrinkled (crepey) lower-lid skin with bulging",Diffuse bluish discoloration suggestive of periorbital ecchymosis,"Yellow, waxy plaque-like thickening near the canthus","Shiny, tense edema with erythema","No obvious abnormality with smooth, normal-tone skin","Lax, finely wrinkled (crepey) lower-lid skin with bulging",Eyes,"Anido J, Fernández JM, Genol I, Ribé N, Pérez Sevilla G"
images/PMC10929313_aoj-08-23-f10.jpg,Which lower extremity position is shown?,Tall-kneeling with both knees on the step pad,Split-squat with right foot on the step and left toes on the turf,Half-kneeling lunge with left foot on the step and right foot on the turf,Half-kneeling lunge with right foot on the step and left foot on the turf,,Half-kneeling lunge with left foot on the step and right foot on the turf,Trunk & Extremities,"Nyland J, Pyle B, Richards J, Yoshida K, Brey J, Carter S"
images/PMC10929313_aoj-08-23-f10.jpg,Which item most likely cues the stepping directions?,The crosshair marking on the back wall,The white circular ring painted on the turf,Orange cones evenly spaced along the circular line,The stacked foam pads used as the step,The red boundary stripe outlining the field,Orange cones evenly spaced along the circular line,Trunk & Extremities,"Nyland J, Pyle B, Richards J, Yoshida K, Brey J, Carter S"
images/PMC9870213_gox-11-e4778-g006.jpg,"Between A and B, what change in mandibular orientation is shown?",Clockwise rotation with mild anterior translation,Counterclockwise rotation without net advancement,Superior impaction without rotation (vertical-only change),Counterclockwise rotation with advancement,No appreciable change—contour altered primarily by genioplasty,Counterclockwise rotation with advancement,Mouth & Jaws,"Fariña R, Valladares-Pérez S, Navarro-Cuellar C, Torrealba R, Fariña-Silva A, Fariña-Silva G"
images/PMC9870213_gox-11-e4778-g006.jpg,Which subfigure shows a more projected lower facial profile and sharper jawline contour near the angle of the mandible?,A — more anterior chin projection with a crisper gonial angle,Cannot be determined from these lateral views,No meaningful difference—apparent change due to head rotation/hair,B — more anterior chin projection with a crisper gonial angle,,B — more anterior chin projection with a crisper gonial angle,Mouth & Jaws,"Fariña R, Valladares-Pérez S, Navarro-Cuellar C, Torrealba R, Fariña-Silva A, Fariña-Silva G"
images/PMC3304204_NJMS-1-143-g024.jpg,Which occlusal classification is indicated by the canine relationship on this lateral view?,Angle Class II division 1,Angle Class II division 2,Angle Class I canine relationship,Angle Class II subdivision right,Angle Class III canine relationship,Angle Class I canine relationship,Mouth & Jaws,"Katiyar R, Singh GK, Mehrotra D, Singh A"
images/PMC3304204_NJMS-1-143-g024.jpg,Estimate the vertical overlap (overbite) of the anterior teeth.,"Minimal (≤ one-third of crown height, ~1–3 mm)",Deep (> two-thirds of crown height or impinging on gingiva),Borderline deep (just over one-half of crown height),Edge-to-edge (≈0 mm overlap),"Moderate (about one-third to one-half of crown height, ~3–4 mm)","Minimal (≤ one-third of crown height, ~1–3 mm)",Mouth & Jaws,"Katiyar R, Singh GK, Mehrotra D, Singh A"
images/PMC3612208_DRJ-9-651-g003.jpg,"Based on the photograph provided, what is the position of the patient’s left leg?",Neutral,Internal rotation,Dorsiflexion,External rotation,,External rotation,Trunk & Extremities,"Syed G, Benni D, Naik SV, Surendra P"
images/PMC3612208_DRJ-9-651-g003.jpg,"Based on the photograph provided, which of the following best describes the observed features of the patient’s right foot?",Normal appearance,Clubfoot (talipes equinovarus),Toe amputation,Hammer toe deformity,,Normal appearance,Trunk & Extremities,"Syed G, Benni D, Naik SV, Surendra P"
images/PMC9618245_CCID-15-2285-g0011.jpg,What maneuver is being performed on the finger in the image?,Pressing the proximal nail fold to check for digital pitting edema,Pinching/rolling the skin over the proximal phalanx to evaluate adherence to underlying fascia,Compressing the nail bed to assess capillary refill,Pinching/rolling the dorsal skin over the middle phalanx to assess skin mobility,,Pinching/rolling the dorsal skin over the middle phalanx to assess skin mobility,Trunk & Extremities,"Goldman N, Han J, LaChance A"
images/PMC9618245_CCID-15-2285-g0011.jpg,Which finding is indicated by the maneuver shown between the finger joints?,"Skin can be tented between the distal and proximal interphalangeal joints, indicating preserved mobility",The nailfold demonstrates clubbing with an increased Lovibond angle,Pitting edema is elicited over the proximal phalanx on compression,"The skin is indurated and cannot be pinched between the proximal interphalangeal and metacarpophalangeal joints, consistent with sclerodactyly",There is ischemic ulceration at the fingertip,"Skin can be tented between the distal and proximal interphalangeal joints, indicating preserved mobility",Trunk & Extremities,"Goldman N, Han J, LaChance A"
images/PMC8637294_ijspt_2021_16_6_29871_75415.jpg,Which clinical assessment is being performed?,Modified Y-Balance Test,Modified Star Excursion Balance Test (mSEBT),"Star Excursion Balance Test (SEBT), posteromedial reach",Single-leg squat test,Balance Error Scoring System (BESS) single-leg stance,Modified Y-Balance Test,Trunk & Extremities,"Tao H, Thompson C, Weber S"
images/PMC8637294_ijspt_2021_16_6_29871_75415.jpg,How is the non-stance foot interacting with the device?,Resting the toes on the floor behind the apparatus for balance,Pressing down on the posterior slider with the heel,Barely grazing the posterior slider with the toes without moving it,Hovering just above the posterior slider without any contact,Lightly pushing the posterior slider with the toes,Lightly pushing the posterior slider with the toes,Trunk & Extremities,"Tao H, Thompson C, Weber S"
images/PMC6128161_JCAS-11-51-g017.jpg,Which anatomical landmark in this view is most useful as a reference when marking points for midface volumization?,Tragus,Antitragus,Preauricular crease,Intertragic notch,Lateral canthus,Tragus,Head & Neck,Arsiwala SZ
images/PMC6128161_JCAS-11-51-g017.jpg,Which region of the face is demarcated by the red lines in the image?,Anteromedial cheek region,Zygomatic arch region,Submalar region,Malar eminence,,Submalar region,Head & Neck,Arsiwala SZ
images/PMC4195826_jcb.2071pifig3.jpg,"According to the photograph provided, which of the following most accurately describes the position of the patient’s wrist?",Supination,Full flexion,Pronation,Full extension,Neutral,Pronation,Trunk & Extremities,"Valdivia R, Sedwick C"
images/PMC4195826_jcb.2071pifig3.jpg,"According to the photograph provided, a distinct muscle bulk is visible along the left arm region.
Which muscle group is most prominently visible?",Wrist extensors,Biceps brachii,Rotator cuff muscles,Wrist flexors,,Wrist extensors,Trunk & Extremities,"Valdivia R, Sedwick C"
images/PMC3442473_IJO-60-324-g002.jpg,Which description best matches the eyelid position relative to the globe?,Eyelid margins rest at the limbus without entrapment (simple proptosis),Right eyelids have slipped posterior to the equator of the globe,"Eyelids lie anterior to the equator, fully draping over the cornea",Upper lid retracted above the superior limbus while the lower lid remains in normal position,Lower lid ectropion with prolapsed conjunctiva,Right eyelids have slipped posterior to the equator of the globe,Eyes,"Kumar MA, Srikanth K, Pandurangan R"
images/PMC3442473_IJO-60-324-g002.jpg,What immediate supportive action is most appropriate before reduction to treat the ocular condition shown in this image?,Generously lubricate the cornea and cover the globe with sterile saline-soaked gauze until reduction,Place a rigid eye shield and leave the eye surface dry to avoid maceration,Instill topical mydriatic/cycloplegic drops to facilitate repositioning before reduction,Apply a firm pressure patch to the right eye to prevent further prolapse,,Generously lubricate the cornea and cover the globe with sterile saline-soaked gauze until reduction,Eyes,"Kumar MA, Srikanth K, Pandurangan R"
images/PMC3805986_TODENTJ-7-109_F7.jpg,Which subfigure best assesses sagittal mandibular projection?,Right true profile (lateral) view,Middle frontal view (neutral head position),Either frontal view is equally suitable for sagittal assessment,Left frontal view (slight head rotation),,Right true profile (lateral) view,Mouth & Jaws,"Paduano S, Spagnuolo G, Biase Gd, Cioffi I"
images/PMC3805986_TODENTJ-7-109_F7.jpg,Which additional standardized extraoral view would best complement this series for documenting treatment changes?,Left lateral profile view,Right lateral profile view,Submental-vertex view,Maxillary occlusal intraoral view,Three-quarter oblique facial view,Left lateral profile view,Mouth & Jaws,"Paduano S, Spagnuolo G, Biase Gd, Cioffi I"
images/PMC8138243_cop-0012-0270-g05.jpg,"In subfigure b, which side shows a smaller palpebral fissure?",No appreciable asymmetry between eyelids,Patient’s left eye (appears on the right side of the image),Patient’s right eye (appears on the right side of the image),Patient’s right eye (appears on the left side of the image),,Patient’s left eye (appears on the right side of the image),Eyes,"Rossetto JD, Forno EA, Morales MC, Moreira JC, Ferrari PV, Herrerias BT, Hirai FE, Gracitelli CPB"
images/PMC8138243_cop-0012-0270-g05.jpg,"In subfigure a, is lagophthalmos visible on either side?",No—both eyelids appear fully closed bilaterally,Yes—subtle residual gap on the patient's right (image left),Cannot determine—shadow from the mask obscures the lash line,Yes—minimal lagophthalmos on the patient's left (image right),,No—both eyelids appear fully closed bilaterally,Eyes,"Rossetto JD, Forno EA, Morales MC, Moreira JC, Ferrari PV, Herrerias BT, Hirai FE, Gracitelli CPB"
images/PMC9804770_AJMG-188-3331-g001.jpg,Which subfigure is most suitable for assessing mandibular projection and chin profile?,Neither—head/neck positioning makes projection unreliable,Left subfigure,Both subfigures equally informative for mandibular projection,Right subfigure,,Right subfigure,Mouth & Jaws,"Woods E, Marson I, Coci E, Spiller M, Kumar A, Brady A, Homfray T, Fisher R, Turnpenny P, Rankin J, Kanani F, Platzer K, Ververi A, Emmanouilidou E, Bourboun N, Giannakoulas G, Balasubramanian M"
images/PMC9804770_AJMG-188-3331-g001.jpg,"In the right subfigure, which best describes the head and neck posture?",Mild cervical extension with forward head translation,Neutral head position with subtle anterior carriage,Cervical flexion with gentle chin tuck,Slight neck extension with chin elevation,Cervical hyperextension with prominent chin thrust,Slight neck extension with chin elevation,Head & Neck,"Woods E, Marson I, Coci E, Spiller M, Kumar A, Brady A, Homfray T, Fisher R, Turnpenny P, Rankin J, Kanani F, Platzer K, Ververi A, Emmanouilidou E, Bourboun N, Giannakoulas G, Balasubramanian M"
images/PMC7209844_gox-8-e2753-g001.jpg,Which two dashed lines converge near the medial aspect of the lower eyelid?,Blue and yellow dashed lines,No two dashed lines converge medially,Red and blue dashed lines,Red and yellow dashed lines,,Blue and yellow dashed lines,Eyes,"Diwan Z, Trikha S, Etemad-Shahidi S, Alli Z, Rennie C, Penny A"
images/PMC7209844_gox-8-e2753-g001.jpg,Which colored dashed line marks the palpebromalar groove?,Red dashed line,No dashed line marks the palpebromalar groove,Blue dashed line,Yellow dashed line,,Red dashed line,Eyes,"Diwan Z, Trikha S, Etemad-Shahidi S, Alli Z, Rennie C, Penny A"
images/PMC9528722_ijspt_2022_17_6_38168_99775.jpg,Which side shows greater prominence of the scapular medial border?,Image left shows greater medial border prominence,Image right shows greater medial border prominence,Both scapulae are equally prominent at the medial border,Neither—medial borders appear flat without winging,,Image right shows greater medial border prominence,Trunk & Extremities,"Piraino AB, Davis BM"
images/PMC9528722_ijspt_2022_17_6_38168_99775.jpg,"A patient is photographed with both elbows positioned as shown. Based on the forearm orientation in the image, what is the position of both elbows?",90° flexion,Neutral (mid-position),Supination,Pronation,,Neutral (mid-position),Trunk & Extremities,"Piraino AB, Davis BM"
images/PMC3977213_ASJSM-4-289-g004.jpg,"In the top subfigure, how is the patient's left elbow positioned relative to the shoulder?",Slightly behind the shoulder line with the forearm pointing toward the feet,Slightly in front of the shoulder with the forearm angled toward the head,Tucked toward the midline under the chest with the forearm nearly parallel to the torso,Directly under the shoulder with the forearm perpendicular to the torso,,Directly under the shoulder with the forearm perpendicular to the torso,Trunk & Extremities,"Barati A, Safarcherati A, Aghayari A, Azizi F, Abbasi H"
images/PMC3977213_ASJSM-4-289-g004.jpg,"In both subfigures, what is the trunk-leg alignment?",Mild pelvic pike with the hips a few degrees higher than the shoulder–ankle line,"Subtle hip sag with the pelvis 2–3 cm below the shoulder–ankle line, forming a gentle C-curve",Knees slightly flexed (about 10–15°) with accompanying hip flexion breaking the straight profile,Thorax rotated approximately 15–20° toward the ceiling despite stacked legs,Ear–shoulder–hip–ankle aligned in a near-straight line,Ear–shoulder–hip–ankle aligned in a near-straight line,Trunk & Extremities,"Barati A, Safarcherati A, Aghayari A, Azizi F, Abbasi H"
images/PMC8637265_ijspt_2021_16_6_29923_75625.jpg,Which rotator cuff muscle is primarily targeted by the shoulder position shown?,Infraspinatus,Teres minor,Supraspinatus,Subscapularis,,Supraspinatus,Trunk & Extremities,"Wilk KE, Lupowitz LG, Arrigo CA"
images/PMC8637265_ijspt_2021_16_6_29923_75625.jpg,Which shoulder movement is being performed with the band?,Arm elevation in the scapular plane with thumbs down (empty-can),Arm elevation in the scapular plane with thumbs up (full-can raise),Straight-ahead shoulder flexion to ~90° with palms down (front raise),Side raise in the frontal plane with thumbs up (abduction),Bilateral high row pulling elbows back with scapular retraction,Arm elevation in the scapular plane with thumbs up (full-can raise),Trunk & Extremities,"Wilk KE, Lupowitz LG, Arrigo CA"
images/PMC8985157_d1ra07888g-f9.jpg,"In subfigure B, where is the wearable sweat monitoring patch placed?",Forearm,Upper arm,Wrist,Antecubital fossa,,Forearm,Trunk & Extremities,"Tabasum H, Gill N, Mishra R, Lone S"
images/PMC8985157_d1ra07888g-f9.jpg,"In subfigure B, what activity is the subject performing?",Using an arm‑crank (upper‑body) ergometer,Rowing on an indoor ergometer,Exercising on an elliptical trainer while holding the handles,Pedaling a stationary cycle ergometer,Sitting quietly with the forearm supported,Pedaling a stationary cycle ergometer,Trunk & Extremities,"Tabasum H, Gill N, Mishra R, Lone S"
images/PMC3633325_UPS-118-105-g002.jpg,Which anatomical landmarks define the horizontal dashed reference line?,Bilateral sternoclavicular joints,Coracoid processes of both scapulae,Bilateral acromio‑clavicular joints,Bilateral clavicles,,Bilateral acromio‑clavicular joints,Trunk & Extremities,"Hatta T, Sano H, Yamamoto N, Itoi E"
images/PMC3633325_UPS-118-105-g002.jpg,Which dashed line indicates the forearm axis?,The transverse dashed line joining the bilateral acromio-clavicular markers across the shoulders,The oblique dashed line that passes through both forearm skin markers,The nearly vertical dashed line alongside the hand and distal forearm,The short dashed segment at the elbow used as the right-angle reference,,The oblique dashed line that passes through both forearm skin markers,Trunk & Extremities,"Hatta T, Sano H, Yamamoto N, Itoi E"
images/PMC9340824_ijspt_2022_17_5_36631_93183.jpg,"In order for the person to change positions as shown from subfigure A to B, how does the hamstring contract?",Plyometric hamstring contraction (stretch–shortening cycle during the drop),Concentric hamstring contraction at the hip (hip extension during lowering),Concentric hamstring contraction (shortening to flex the knee),Eccentric hamstring contraction (lengthening while controlling knee extension),Isometric hamstring contraction (holding the body rigid without length change),Eccentric hamstring contraction (lengthening while controlling knee extension),Trunk & Extremities,"Fujisaki K, Akasaka K, Otsudo T, Hattori H, Hasebe Y, Hall T"
images/PMC9340824_ijspt_2022_17_5_36631_93183.jpg,"From A to B, how does the trunk move relative to the knees?","It folds forward primarily at the hips, with the trunk curling as it nears the floor","It lowers forward toward the floor in a straight line as a rigid unit, hinging at the knees","It remains nearly upright over the knees with minimal forward translation, with the knees advancing instead",It lowers forward along a curved path due to increasing spinal flexion and posterior pelvic tilt,,"It lowers forward toward the floor in a straight line as a rigid unit, hinging at the knees",Trunk & Extremities,"Fujisaki K, Akasaka K, Otsudo T, Hattori H, Hasebe Y, Hall T"
images/PMC6128326_gr1d.jpg,Which anterior teeth are lingual to their opposing teeth in this image?,Maxillary incisors (central and lateral),Maxillary canines,No anterior teeth—relationship appears normal,Maxillary central incisors only,Mandibular incisors (central and lateral),Maxillary incisors (central and lateral),Mouth & Jaws,"Singh H, Kapoor P, Sharma P, Maurya RK, Mittal T"
images/PMC6128326_gr1d.jpg,What is the overjet?,Reverse (negative) overjet (1 to 3 mm negative),Edge-to-edge relationship (zero overjet),Slight positive overjet (about 1 to 2 mm),Markedly increased positive overjet (5 mm or more),Normal positive overjet (about 2 to 3 mm),Reverse (negative) overjet (1 to 3 mm negative),Mouth & Jaws,"Singh H, Kapoor P, Sharma P, Maurya RK, Mittal T"
images/PMC2962780_431_2010_1253_Fig4_HTML.jpg,What most likely accounts for the white spot in the pupil?,Grayish-white arc around the peripheral cornea due to arcus senilis,Specular corneal light reflex from the camera flash (normal Purkinje image),Central congenital cataract causing a white pupillary opacity,Leukocoria due to retinoblastoma,,Specular corneal light reflex from the camera flash (normal Purkinje image),Eyes,"Weijerman ME, de Winter JP"
images/PMC2962780_431_2010_1253_Fig4_HTML.jpg,Which answer choice best describe the findings of the eye shown in the image?,"Multiple small, pale speckles circumferentially clustered along the peripheral iris stroma",Fine whitish dots confined to the pupillary margin forming an inner ring,Diffuse uniform haziness of the entire cornea,A thin continuous golden-brown ring at the corneal periphery,Spoke-like radial streaks extending from the pupil toward the limbus,"Multiple small, pale speckles circumferentially clustered along the peripheral iris stroma",Eyes,"Weijerman ME, de Winter JP"
images/PMC5012967_arm-40-568-g001.jpg,What is the function of the chest-mounted device indicated by the solid white arrow?,Inertial measurement unit for an attitude and heading reference system measuring trunk motion,ECG telemetry patch for heart-rate monitoring,Wireless accelerometer estimating respiratory effort,Passive reflective marker used for optical motion capture,Inertial sensor for right shoulder kinematics,Inertial measurement unit for an attitude and heading reference system measuring trunk motion,Trunk & Extremities,"Song YS, Yang KY, Youn K, Yoon C, Yeom J, Hwang H, Lee J, Kim K"
images/PMC5012967_arm-40-568-g001.jpg,What is the most likely purpose of this device setup?,Measurement of cervical range of motion using a head-mounted inertial unit aligned to a depth camera,Calibration of Kinect microphones and a head IMU for speech and gaze-tracking tasks,Integrated acquisition of trunk and shoulder kinematics using an AHRS with Kinect depth imaging and optical markers,Monitoring thoracoabdominal excursion using depth imaging with a chest-mounted sensor,Validation of Kinect skeletal tracking against reflective-marker motion capture during upper-limb reaching,Integrated acquisition of trunk and shoulder kinematics using an AHRS with Kinect depth imaging and optical markers,Head & Neck,"Song YS, Yang KY, Youn K, Yoon C, Yeom J, Hwang H, Lee J, Kim K"
images/PMC10201150_10.1177_24730114231172734-fig2.jpg,Which assistive device is being worn?,ACL brace,Hands-free knee crutch,Knee walker/scooter,Axillary crutches,,Hands-free knee crutch,Trunk & Extremities,"Yao D, Meyer-Kobbe L, Ettinger S, Claassen L, Altemeier-Sasse A, Sturm C, Kerling A, Stukenborg-Colsman C, Plaass C"
images/PMC10201150_10.1177_24730114231172734-fig2.jpg,Approximately what knee flexion angle is shown?,Approximately 70°,Approximately 100°,Approximately 160°,Approximately 130°,,Approximately 100°,Trunk & Extremities,"Yao D, Meyer-Kobbe L, Ettinger S, Claassen L, Altemeier-Sasse A, Sturm C, Kerling A, Stukenborg-Colsman C, Plaass C"
images/PMC11463044_aop-14-83_g001.jpg,"In subfigure A, which hand border rests on the table?",Palmar surface (volar aspect),Ulnar border (little-finger side),Dorsal surface (back of hand),Thenar eminence border,Radial border (thumb side),Ulnar border (little-finger side),Trunk & Extremities,"Nakai T, Amano S, Murao C, Taguchi H, Takahashi K"
images/PMC11463044_aop-14-83_g001.jpg,"In subfigure A, which wrist position is maintained?",Ulnar deviation of about 10–15°,Approximately 20° palmar flexion (flexion),Approximately 20° wrist dorsiflexion (extension),Neutral (0° flexion/extension),,Approximately 20° wrist dorsiflexion (extension),Trunk & Extremities,"Nakai T, Amano S, Murao C, Taguchi H, Takahashi K"
images/PMC6382221_gox-7-e1982-g004.jpg,What is the best description of the finding in the chin and neck region?,A faint linear postoperative scar in the submental region,The normal submental skin crease accentuated by lighting and neck position,A transient pressure mark from a necklace or clothing,A healed tracheostomy scar at the upper neck,Postinflammatory hyperpigmentation from folliculitis,A faint linear postoperative scar in the submental region,Head & Neck,"Taylor LA, Lewis VL Jr"
images/PMC6382221_gox-7-e1982-g004.jpg,Which surgical approach is most consistent with the scar location shown?,Retromandibular (facelift) approach,Mentolabial fold incision,Submental crease incision,Left submandibular (marginal mandibular) incision,Low Kocher collar incision for thyroidectomy,Submental crease incision,Head & Neck,"Taylor LA, Lewis VL Jr"
images/PMC8413662_gr1.jpg,What hair-loss pattern is seen along the scalp margins around the ear?,Ophiasis-type alopecia areata (band-like hair loss tracking the temporal–occipital rim around the ear),Traction alopecia of the temporal hairline from tight hairstyles with numerous broken hairs,"Tinea capitis (scaly, inflamed plaques with black-dot hairs)",Frontal fibrosing alopecia (band-like recession of the frontal–temporal hairline and sideburns),Sisaipho/ophiasis inversus pattern alopecia areata (central/vertex loss with marginal rim sparing),Ophiasis-type alopecia areata (band-like hair loss tracking the temporal–occipital rim around the ear),Skin & Hair,"Abercrombie M, Aleshaki J, Fivenson D"
images/PMC8413662_gr1.jpg,Which scalp region is predominantly affected in these images?,Unilateral left retroauricular band with preserved contralateral margin,Central vertex/crown predominance with marginal sparing,Peripheral rim bordering the ears and extending posteriorly,Isolated frontal hairline recession limited to the anterior margin,Parietal whorl superior to the ear,Peripheral rim bordering the ears and extending posteriorly,Skin & Hair,"Abercrombie M, Aleshaki J, Fivenson D"
images/PMC11043999_JOCR-14-160-g002.jpg,Where is the scar located relative to the knee joint?,Posteromedial within the popliteal fossa,Anterior midline directly over the patella,Anterolateral (lateral parapatellar) region,No visible scar over the knee,Anteromedial (medial parapatellar) region of the knee,Anteromedial (medial parapatellar) region of the knee,Trunk & Extremities,"Udiwal H, Sharma A, Rai V, Sharma V, Sharma K"
images/PMC11043999_JOCR-14-160-g002.jpg,Which surface landmark is most directly encircled by the scar?,Patellar tendon,Head of fibula,Tibial tuberosity,Medial femoral condyle,Patella,Patella,Trunk & Extremities,"Udiwal H, Sharma A, Rai V, Sharma V, Sharma K"
images/PMC2872008_266_2009_9414_Fig15_HTML.jpg,Which intervention would be best to balance the lip proportions shown in the image?,Autologous fat grafting in equal volumes to the lower and upper lips,Upper-lip volume reduction to rebalance lip proportions,Hyaluronic acid filler along the upper vermilion and vermilion–cutaneous border,"Botulinum toxin microdosing to the lower orbicularis oris to prevent ""lip flip""",,Hyaluronic acid filler along the upper vermilion and vermilion–cutaneous border,Mouth & Jaws,"Lemperle G, Sadick NS, Knapp TR, Lemperle SM"
images/PMC2872008_266_2009_9414_Fig15_HTML.jpg,Which proportional assessment of vermilion height is most accurate?,Upper-to-lower vermilion heights are near parity (about 1:1),Upper vermilion marginally exceeds the lower (≈6:5),Lower vermilion exceeds the upper only slightly (≈5:6),"Upper-to-lower vermilion height ratio is substantially reduced, roughly 1:2 or smaller",,"Upper-to-lower vermilion height ratio is substantially reduced, roughly 1:2 or smaller",Mouth & Jaws,"Lemperle G, Sadick NS, Knapp TR, Lemperle SM"
images/PMC5288921_IJPS-49-415-g001.jpg,"A patient is asked to abduct the right shoulder, and the image provided shows the arm elevated to a specific angle in the coronal plane.
What is the shoulder abduction angle demonstrated in the image?",30°,90°,120°,150°,60°,150°,Trunk & Extremities,"Rayidi VK, Velde VB, Rao N, Babu NR, Sambari L"
images/PMC5288921_IJPS-49-415-g001.jpg,Which of the following best describes this finding?,Limitation suggesting glenohumeral joint contracture,Excessive abduction due to scapular winging,Limitation due to supraspinatus tendon tear,Limitation indicating axillary nerve palsy,Normal shoulder abduction range of motion,Normal shoulder abduction range of motion,Trunk & Extremities,"Rayidi VK, Velde VB, Rao N, Babu NR, Sambari L"
images/PMC5227080_JCAS-9-254-g007.jpg,Which joint positions are primarily used in the hand position shown?,Ulnar deviation of the wrist with finger abduction and neutral thumb,Thumb abduction with MCP flexion and IP extension of the fingers (lumbrical position),Composite flexion at the metacarpophalangeal and interphalangeal joints of fingers and thumbs,Metacarpophalangeal extension with proximal and distal interphalangeal flexion (claw posture),Full finger extension with slight wrist flexion and thumb adduction,Composite flexion at the metacarpophalangeal and interphalangeal joints of fingers and thumbs,Trunk & Extremities,"Kaliyadan F, Ashique KT"
images/PMC5227080_JCAS-9-254-g007.jpg,Which nail feature is least optimally assessed from the view shown?,Lunula prominence/visibility at the proximal nail,"Nail plate color/opacity abnormalities (e.g., leukonychia, melanonychia)",Longitudinal ridging/striations of the nail plate,Lovibond (profile) angle of nail–finger curvature indicative of clubbing,,Lovibond (profile) angle of nail–finger curvature indicative of clubbing,Skin & Hair,"Kaliyadan F, Ashique KT"
